timestamp,male,female,aufmacher
1586697276.4052355,39,15,0
1586697406.8740816,39,15,0
1586698192.0450032,39,15,0
01586702632.5155287,42,16,0
1586702701.6914213,42,14,0
1586704510.2027628,41,11,0
1586705497.9132545,41,13,0
1586715177.910009,41,15,1
1586715361.0871646,41,15,1
1586717130.906131,41,15,1
1586718298.4070928,40,15,1
1586721969.2545245,37,14,1
1586725494.1460102,33,15,1
1586729111.1573808,33,15,1
1586732714.803422,33,15,1
1586736750.1202133,33,15,1
1586739918.3816764,33,15,1
1586743532.5411332,33,15,1
1586747115.556239,33,15,1
1586750733.082938,33,15,1
1586754309.7523966,33,15,1
1586757935.5784123,31,13,0
1586761514.0491152,32,13,0
1586765154.899079,32,15,0
1586768732.2127254,38,15,0
1586772318.7658985,37,15,0
1586775906.0596447,37,16,0
1586779585.8435318,41,18,0
1586783093.665451,43,19,0
1586786709.184535,46,18,0
1586790327.793834,46,19,0
1586793946.4815671,47,15,0
1586797525.9415956,45,16,1
1586801137.166234,39,16,0
1586804718.293028,39,15,1
1586808378.5818164,48,15,1
1586811919.9618568,48,16,0
1586815519.9438193,44,15,0
1586819680.2998629,44,15,0
1586823127.5286171,44,15,0
1586826351.1033916,44,15,0
1586829907.7763984,44,15,0
1586833523.9141972,44,15,0
1586837134.9984148,45,17,0
1586840720.7960732,48,19,0
1586844342.8977308,45,19,0
1586847920.169515,40,19,0
1586851552.6538851,43,19,0
1586855138.8750439,41,19,1
1586858722.5913634,43,15,1
1586862315.0813868,41,17,1
1586866020.6862955,45,16,1
1586869516.1729643,47,15,0
1586873144.0565898,46,14,0
1586876771.431829,37,15,1
1586880371.7077687,37,18,1
1586883946.69638,39,19,1
1586887571.4551334,39,19,1
1586891088.1257806,36,19,1
1586894771.5533624,40,20,1
1586898310.739923,40,22,0
1586901915.3648705,40,22,0
1586905505.2669837,40,22,0
1586909548.0472484,40,22,0
1586912742.4744258,40,22,0
1586916336.572199,40,22,0
1586919932.732789,40,22,0
1586923549.7546284,40,23,0
1586927125.6765668,40,22,0
1586930741.3148403,39,24,0
1586934323.3549414,41,19,0
1586937955.8001695,37,17,0
1586941537.8044147,40,15,0
1586945131.2211168,37,15,0
1586948722.6869748,40,14,0
1586952399.0186572,44,11,0
1586955912.2810016,42,15,0
1586959525.9922245,41,17,0
1586963155.3393545,37,18,1
1586966766.2131517,37,18,0
1586970318.6284416,37,19,0
1586973936.0130317,35,17,0
1586977535.360853,39,20,0
1586981176.8103702,39,21,0
1586984759.5998583,39,21,0
1586988311.5020273,33,18,0
1586991909.1713004,34,18,0
1586995920.392083,34,18,0
1586999332.9935546,34,18,0
1587002728.9890633,34,18,0
1587006316.3499799,34,18,0
1587009925.5032623,31,20,1
1587013516.9476993,31,20,1
1587017123.2535698,28,21,1
1587020734.3082612,28,22,1
1587024368.2138073,28,22,1
1587027943.9326766,30,21,1
1587031526.1540825,27,23,1
1587035125.542021,26,22,1
1587038810.4493194,27,22,1
1587042330.874251,28,20,1
1587045934.409642,30,20,1
1587049533.9203696,30,19,1
1587053189.9367628,36,22,1
1587056733.3511784,38,21,1
1587060360.6692476,42,19,1
1587063911.9156346,43,19,1
1587067587.245541,43,19,1
1587071115.816699,41,19,0
1587074735.5317657,37,21,1
1587078308.0891159,37,21,0
1587082347.178334,37,21,0
1587085538.7803397,37,21,0
1587089138.7098427,37,21,0
1587092767.9233959,37,21,0
1587096337.7980728,35,19,1
1587099913.6287253,34,18,1
1587103538.521379,36,17,0
1587107114.8705714,33,17,0
1587110767.8338823,38,16,0
1587114345.5229702,40,16,1
1587117897.778099,41,16,1
1587121517.28437,39,18,1
1587125203.0223815,41,19,0
1587128719.3659391,45,19,1
1587132340.9540136,43,16,0
1587135930.0328598,38,17,0
1587139544.856683,36,18,0
1587143120.8270905,36,20,0
1587146742.4796772,36,20,1
1587150316.7064936,40,17,1
1587153973.6914773,40,19,0
1587157510.8716528,38,21,1
1587161117.7153244,35,18,1
1587164712.7510514,35,18,1
1587168755.27616,35,18,1
1587171936.8980215,35,18,1
1587175528.724254,35,18,1
1587179136.2900734,35,18,1
1587182721.3095489,35,18,1
1587186314.3677702,35,18,1
1587189942.8959835,34,18,1
1587193522.0293796,33,16,1
1587197143.1288674,36,14,0
1587200728.737439,31,12,0
1587204303.6110897,28,13,0
1587207912.2401137,30,11,0
1587211588.7713146,32,10,0
1587215109.6523771,28,10,1
1587218699.362691,27,10,1
1587222303.5462377,28,12,0
1587225918.1860042,26,13,0
1587229522.309596,27,12,1
1587233139.837208,26,12,1
1587236706.669151,28,12,0
1587240372.2001178,27,13,0
1587243913.4919257,27,13,1
1587247504.6623092,27,13,1
1587251109.1278687,27,13,1
1587255102.4045465,28,13,1
1587258317.0667086,28,13,1
1587261934.4860227,28,13,1
1587265519.0333135,28,13,1
1587269132.9055073,28,13,1
1587272709.367947,28,13,1
1587276326.4639676,29,12,0
1587279912.6491826,29,13,0
1587283529.4682252,35,12,0
1587287105.94984,31,13,0
1587290723.9092746,32,10,0
1587294304.3271747,35,11,0
1587297976.8052964,37,11,0
1587301526.7567794,38,11,0
1587305119.4767096,39,8,0
1587308697.5291157,39,10,0
1587312314.0291214,39,11,1
1587315920.964393,37,12,1
1587319543.3796582,38,13,1
1587323090.375915,37,14,1
1587326769.3612654,38,14,0
1587330316.5950544,35,12,0
1587333903.8448832,35,12,0
1587337508.0392723,35,12,0
1587341497.0291913,35,12,0
1587344734.8638704,34,12,0
1587348323.8571613,34,12,0
1587351929.568108,34,12,0
1587355518.2113793,36,16,0
1587359106.3521268,36,16,0
1587362741.89268,32,16,0
1587366330.5612302,29,18,0
1587369988.2724996,30,18,1
1587373543.140469,30,20,1
1587377121.4933186,30,21,1
1587380707.7820344,34,18,1
1587384384.6042674,34,19,1
1587387916.444161,37,19,0
1587391502.693653,37,20,0
1587395126.4417498,40,20,1
1587398730.320802,35,23,1
1587402326.365931,35,20,1
1587405933.4314766,35,21,1
1587409510.9158597,41,19,1
1587413162.57867,42,19,1
1587416709.7845354,42,18,1
1587420319.122633,44,18,0
1587423911.8053422,44,18,0
1587427885.5082617,44,18,0
1587431136.0073297,44,18,0
1587434729.1508055,44,18,0
1587438333.5085025,44,18,0
1587441916.761874,46,20,0
1587445506.1651304,36,20,0
1587449139.4767585,34,22,0
1587452724.0959854,31,21,0
1587456349.6495337,34,20,1
1587459946.160947,33,22,1
1587463516.1919677,32,20,0
1587467113.8687472,31,21,0
1587470781.178021,30,21,1
1587474305.4216301,31,20,1
1587477912.2188516,33,20,1
1587481544.6526005,30,23,1
1587486382.977413,25,27,1
1587488710.4429066,25,28,1
1587492328.464699,29,28,1
1587495906.1651971,31,26,1
1587499563.2723007,35,25,0
1587503119.3904526,36,23,0
1587506714.5185313,37,22,1
1587510302.2639027,37,22,1
1587514314.6663713,37,22,1
1587517530.379633,37,22,1
1587521116.9286497,37,22,1
1587524726.3458018,37,22,1
1587528323.679694,33,19,0
1587531927.2694051,34,18,0
1587535548.149731,31,21,1
1587539130.106684,30,20,1
1587542743.328398,30,19,1
1587546311.5649335,32,19,0
1587549930.183401,34,16,0
1587553510.251116,36,14,0
1587557185.9283643,42,8,0
1587560714.7863424,43,9,0
1587564328.3776598,42,10,0
1587567940.6602209,43,11,0
1587571530.0864255,43,13,0
1587575125.688416,40,13,0
1587578741.0575898,41,12,0
1587582306.252438,41,13,0
1587585978.873363,41,14,0
1587589528.0946932,41,15,1
1587593118.4125159,39,15,1
1587596710.0000038,39,15,1
1587600683.1214767,39,15,1
1587603941.5428307,39,15,1
1587607521.14131,39,15,1
1587611132.6254244,39,15,1
1587614720.4219196,38,15,1
1587618331.6264298,36,14,0
1587621945.4490871,34,14,1
1587625541.5066757,34,18,1
1587629152.5436103,33,20,0
1587632721.5103648,34,17,0
1587636323.7633545,35,17,0
1587639912.3255162,37,16,0
1587643589.3949997,32,15,1
1587647165.9034288,30,18,1
1587654333.243416,34,15,0
1587657944.6373382,35,14,0
1587661523.279348,35,15,0
1587665163.537838,34,18,0
1587668714.391449,37,16,0
1587672389.6297464,36,17,0
1587675925.025034,36,15,0
1587679526.386795,32,15,0
1587683112.673316,32,15,0
1587687116.423278,32,15,0
1587690349.163661,32,15,0
1587693942.6117291,32,15,0
1587697538.8934286,32,15,0
1587701130.674051,32,16,1
1587704711.6790705,36,16,1
1587708331.1478806,32,16,1
1587711920.6634793,33,17,1
1587715566.664861,28,18,1
1587719128.188501,25,20,1
1587722737.9830937,25,17,1
1587726320.7646613,25,13,1
1587729988.9585834,27,14,0
1587733524.6251647,29,14,0
1587737135.2604337,27,17,0
1587740717.3750234,29,19,0
1587744355.182362,29,18,1
1587747925.1285553,35,17,1
1587751555.6656432,33,21,1
1587755076.416965,29,21,1
1587758771.5294683,31,20,0
1587762319.1830256,30,21,0
1587765924.127583,29,18,0
1587769519.4756038,29,18,0
1587773502.2134244,29,17,0
1587776725.8115888,29,17,0
1587780336.129131,29,17,0
1587783928.5100245,29,17,0
1587787542.4181669,29,17,0
1587791119.4415216,29,17,0
1587794740.2718797,29,20,1
1587798330.2979572,28,16,1
1587801943.365851,27,17,1
1587805595.7510307,33,17,1
1587809118.8735197,35,15,1
1587812721.705024,31,17,1
1587816397.6367972,30,17,1
1587819947.8892584,28,19,1
1587823519.5709312,30,16,1
1587827117.4774795,35,15,0
1587830736.418704,36,14,0
1587834320.1331596,37,14,0
1587837953.3042004,36,15,0
1587841498.779895,34,15,0
1587845171.3181214,35,15,0
1587848723.5468187,36,14,0
1587852315.5364733,36,14,0
1587855926.2114077,35,14,0
1587859905.7385862,35,14,0
1587863126.5533764,35,14,0
1587866741.4812126,35,14,0
1587870328.0376189,35,14,0
1587873939.0255017,35,14,0
1587877525.484346,36,14,0
1587881145.8454945,35,16,0
1587884727.3973663,36,15,0
1587888346.4807389,31,16,0
1587891925.5134795,28,14,0
1587895515.858452,27,17,1
1587899117.0419412,28,15,1
1587902794.021905,30,12,1
1587906298.9297357,31,10,1
1587909930.627718,30,9,1
1587913519.5164022,29,9,1
1587917130.9426863,33,8,0
1587920715.6364532,37,9,1
1587924343.6524594,38,6,1
1587927920.0482278,36,7,1
1587931597.5828066,35,9,1
1587935114.573662,36,9,0
1587938729.097451,36,9,0
1587942312.3552969,35,10,0
1587946331.903596,35,9,0
1587949551.7345843,35,9,0
1587953133.5346189,35,9,0
1587956722.7700815,35,9,0
1587960345.1279073,33,6,0
1587963924.3434296,30,5,0
1587967536.2559717,34,8,0
1587971136.3570414,39,10,0
1587974756.501548,35,12,0
1587978342.8760343,33,13,0
1587981928.879803,33,9,0
1587985516.9526246,31,9,0
1587989193.1340716,29,10,0
1587992743.6984553,33,8,1
1587996332.5873652,38,8,1
1587999926.682215,39,10,0
1588003535.388389,39,10,0
1588007133.9712417,39,10,0
1588010750.6923757,31,11,1
1588014321.2022374,29,10,1
1588017990.741256,29,12,0
1588021523.8236516,26,13,0
1588025188.2397327,27,14,0
1588028743.1886873,27,14,0
1588032740.1483655,27,14,0
1588036096.4351118,27,14,0
1588039556.3561387,27,14,0
1588043142.2418182,27,14,0
1588046755.3591444,30,13,1
1588050341.4447544,29,14,1
1588053956.0925593,29,13,0
1588057518.5768523,31,15,1
1588061267.261211,28,15,1
1588064765.7233715,28,16,0
1588068357.9491148,31,21,0
1588071954.7367487,31,23,1
1588075595.607757,32,21,1
1588079513.8975604,29,21,1
1588082771.9489434,33,18,1
1588086335.276381,35,16,0
1588089963.664175,34,17,0
1588093608.0928812,35,17,0
1588097154.0391293,32,15,0
1588100752.9308124,36,17,0
1588104449.5211241,36,16,0
1588107958.467451,38,18,1
1588111616.6018574,37,17,0
1588115236.1622643,35,17,0
1588119140.7539546,35,17,0
1588122364.469902,35,17,0
1588126024.555913,35,17,0
1588129559.5997832,35,17,0
1588133194.6694148,35,18,1
1588136780.6514587,33,16,0
1588140357.4853623,33,14,0
1588143962.8106918,30,12,1
1588147577.7674882,28,14,1
1588151132.630013,27,15,1
1588154759.3088405,28,12,1
1588158347.6770473,30,11,0
1588162087.4376183,37,9,0
1588165670.0367703,36,9,1
1588169171.151867,35,9,1
1588172772.1243203,36,8,0
1588176411.8458908,30,14,1
1588179936.3555474,29,17,1
1588183620.9351602,27,20,1
1588187156.865411,29,18,1
1588190824.1503708,29,17,1
1588194384.3780992,30,16,0
1588197918.5318787,32,15,0
1588201566.6723185,32,15,0
1588205524.799214,32,14,0
1588208801.7278335,32,14,0
1588212423.0768898,32,14,0
1588216167.1235075,32,14,0
1588219664.1545339,32,14,0
1588223243.5541692,36,11,0
1588226951.461534,33,12,0
1588230414.02446,31,13,1
1588234053.1502206,35,13,1
1588237602.5720766,35,17,1
1588241145.85188,33,14,1
1588244776.708483,36,12,0
1588248463.0386705,38,11,1
1588251955.8219826,35,10,0
1588255530.2104542,36,11,0
1588259129.646651,35,15,0
1588262796.2032146,35,15,0
1588266416.6855912,33,15,0
1588269999.3345811,34,15,0
1588273567.4803574,32,14,0
1588277247.008367,32,16,0
1588280716.984624,31,18,0
1588284331.5445821,30,18,0
1588287950.1321666,29,18,0
1588291969.028401,29,18,0
1588295218.9546783,29,18,0
1588298917.3258388,29,18,0
1588302457.1532495,29,18,0
1588306177.7029793,29,18,0
1588309577.5936089,29,18,0
1588313243.3446913,27,18,1
1588316832.4292903,22,17,1
1588320374.5559952,21,17,0
1588323939.6789286,22,17,0
1588327578.3556852,21,19,0
1588331184.005861,24,17,0
1588334824.255626,25,18,0
1588338421.911693,23,18,0
1588341986.4873893,23,20,0
1588345611.9475994,23,20,1
1588349298.3995354,24,21,1
1588352970.0273933,24,20,1
1588356507.0793371,24,20,0
1588360000.5335772,24,20,0
1588363599.2833903,23,20,0
1588367140.5888119,27,21,0
1588370783.1201577,27,21,0
1588374362.3863618,27,21,0
1588378352.4744818,27,21,0
1588381711.8778863,27,21,0
1588385240.3726237,27,21,0
1588388794.9591236,27,21,0
1588392616.295262,27,21,0
1588396097.7783532,27,21,0
1588399690.7898047,25,21,0
1588403279.6977022,25,19,0
1588406781.1909266,24,17,0
1588410574.1163974,25,16,0
1588414087.4096246,25,15,0
1588417577.2560172,22,16,0
1588421313.931137,21,15,0
1588424802.211245,24,15,0
1588428460.0979667,22,15,0
1588432264.0949824,25,16,0
1588435604.478981,25,17,0
1588439264.6313896,23,17,1
1588442897.1447377,23,19,1
1588446451.1223042,23,18,1
1588450288.354123,22,18,1
1588453645.5154324,22,18,0
1588457188.2068822,22,18,0
1588460770.1544476,22,17,0
1588464765.255216,22,17,0
1588468207.4492302,22,17,0
1588471696.9985044,22,17,0
1588475255.6408207,22,17,0
1588478964.235226,22,17,0
1588482517.9018044,22,17,0
1588486026.3900623,24,14,0
1588489750.1471722,25,15,0
1588493261.1756287,28,14,0
1588496919.5789049,30,13,0
1588500491.0503318,30,13,0
1588504077.4732583,27,15,0
1588507702.8059788,28,14,0
1588511223.3098333,30,10,0
1588514850.5463352,29,16,0
1588518449.6866746,39,19,1
1588522213.5078895,35,19,1
1588525633.369385,40,16,0
1588529277.1261892,39,18,0
1588532904.0802023,38,18,1
1588536432.033494,38,18,0
1588539969.9377403,40,19,0
1588543595.9342344,40,19,0
1588547182.6786091,40,19,0
1588551155.5759954,41,19,0
1588554599.0747592,41,19,0
1588558013.5665855,41,19,0
1588561632.3233583,41,19,0
1588565267.4653842,43,20,0
1588568900.6201296,41,21,0
1588572469.466139,38,17,0
1588576090.013143,34,13,0
1588579655.8509073,36,15,0
1588583214.087701,37,16,0
1588586831.2711601,38,17,0
1588590327.0261898,37,17,0
1588594121.2397132,35,17,0
1588597740.972724,36,16,0
1588601364.4309306,36,16,0
1588604910.9507322,31,13,0
1588608672.8451066,30,15,0
1588612402.0535688,30,15,0
1588616332.8359175,28,14,1
1588619463.194977,32,16,0
1588624202.3712125,30,16,0
1588627884.2182944,31,15,0
1588632117.9044836,32,14,0
1588634599.5113769,32,14,0
1588644348.4142325,32,14,0
1588647944.2865505,32,14,0
1588651765.7538655,33,16,1
1588655304.1273398,33,14,1
1588658889.4840515,32,14,1
1588662485.7689874,30,17,1
1588665992.6461327,31,16,1
1588669632.1965554,29,16,1
1588673134.9425745,23,16,0
1588676884.29281,22,18,1
1588680555.3700936,27,12,0
1588684090.1738157,28,16,0
1588687834.8810666,32,16,0
1588691285.0500057,33,19,1
1588694963.3104668,33,18,1
1588698499.9478087,32,19,1
1588702210.2049882,31,21,1
1588705843.421341,32,21,1
1588709299.401005,32,18,1
1588712902.823061,34,18,1
1588716550.7667637,31,18,0
1588720055.647204,31,18,0
1588723941.9422092,31,18,0
1588727487.8554902,31,18,0
1588730836.5132117,31,18,0
1588734368.1156476,32,18,0
1588738223.2206237,31,19,1
1588741818.5407481,34,16,0
1588745386.9525712,31,13,0
1588749017.1872492,32,11,0
1588752471.0016503,31,13,0
1588756207.3839197,34,13,0
1588759769.1076844,32,11,0
1588763390.0191748,34,9,0
1588766978.2004936,32,11,1
1588770479.1944146,34,10,1
1588774102.4065216,34,9,1
1588777725.964885,34,8,1
1588781260.7861824,35,10,1
1588784896.4606705,33,11,0
1588788534.0155122,33,10,0
1588792075.3679802,35,11,0
1588795822.6104896,34,11,0
1588799246.6928463,31,11,1
1588802857.1567676,30,11,1
1588806443.7371814,30,11,1
1588810367.6942275,30,11,1
1588813643.9574294,30,11,1
1588817351.3024256,30,11,1
1588820838.2158728,30,11,0
1588824398.906891,31,12,0
1588828173.1139994,33,10,0
1588831724.883931,32,12,0
1588835409.3993735,26,10,0
1588838903.6524668,28,11,0
1588842583.335049,23,15,1
1588846017.6159024,25,13,1
1588849832.6107945,25,13,1
1588853235.9619312,26,12,0
1588856940.9302123,27,15,0
1588860614.5222414,31,13,0
1588863949.0641823,36,12,0
1588867812.8610394,37,15,0
1588871494.913453,36,17,0
1588874901.7755258,41,18,0
1588878325.4188387,43,18,0
1588882268.339413,38,18,0
1588885570.4531753,39,17,1
1588889294.9730773,37,17,1
1588892777.970702,36,17,1
1588896757.4499707,36,17,1
1588900287.3283234,36,17,1
1588903667.3776972,36,17,1
1588907222.0275638,36,17,1
1588910997.9775565,36,17,1
1588914568.529179,36,17,1
1588918048.509515,34,19,1
1588921806.9620667,35,19,1
1588925189.2648082,29,18,1
1588929053.3426008,30,18,1
1588932372.4719017,31,13,1
1588935969.181141,25,14,0
1588939841.8071196,24,14,0
1588943362.2013903,22,13,0
1588946978.2301872,24,11,0
1588950370.8402867,27,13,0
1588954049.354526,25,15,0
1588957706.0972106,30,16,0
1588961440.4431672,32,15,0
1588964960.6934032,32,14,0
1588968530.6232665,32,12,0
1588971977.8647492,31,13,0
1588975731.5432122,30,14,0
1588979289.3700957,28,14,0
1588983146.423935,28,14,0
1588986672.8519273,28,14,0
1588990147.2470994,28,14,0
1588993813.9348032,28,14,0
1588997490.3717632,28,14,0
1589000878.9601705,28,14,0
1589004640.3160505,28,20,1
1589008002.755136,29,17,1
1589011771.2868545,28,16,0
1589015422.1916497,29,19,0
1589019000.752202,23,16,0
1589022701.7408984,23,15,0
1589026157.5795014,24,16,0
1589029580.619597,25,15,0
1589033176.8050246,24,14,0
1589036896.340005,24,14,0
1589040705.5045764,26,16,1
1589043979.0381675,32,18,1
1589047707.753985,32,19,0
1589051116.0604086,34,19,0
1589054903.919524,31,13,0
1589058533.147045,31,12,0
1589062221.394614,31,12,0
1589065748.2372503,31,12,0
1589069590.5087497,31,12,0
1589072990.5118015,31,12,0
1589076637.03384,31,12,0
1589080052.6091602,31,12,0
1589083838.046183,31,12,0
1589087187.6847997,31,12,0
1589090877.8205245,31,12,0
1589094504.8520792,31,12,0
1589098047.5698485,34,8,0
1589101694.4511793,29,13,0
1589105441.2624888,27,12,0
1589108912.8922977,33,12,0
1589112699.2603555,30,13,0
1589116104.837687,28,15,0
1589119844.750605,27,17,1
1589123204.0378993,31,18,1
1589126751.9498594,30,16,1
1589130565.6740515,36,15,0
1589134056.8659382,35,15,0
1589137685.327728,34,15,1
1589141199.5604434,37,14,1
1589144847.1065257,37,13,1
1589148423.7878857,36,12,0
1589152159.3650823,36,12,0
1589156066.4496992,36,11,0
1589159505.517906,36,11,0
1589162993.0121045,36,11,0
1589166369.454977,36,11,0
1589170269.676421,36,11,1
1589173878.4313922,35,12,0
1589177384.7962804,35,14,0
1589180865.66934,33,15,0
1589184476.399976,34,16,0
1589188037.4776983,28,13,0
1589191538.6445503,31,12,0
1589195183.2537568,32,11,0
1589199017.2217746,34,10,0
1589202504.8674948,32,11,0
1589205973.1343155,35,12,0
1589209797.5887728,34,14,0
1589213222.7191994,35,13,0
1589216943.026382,35,13,0
1589220483.1038446,33,12,0
1589224018.8007686,34,13,0
1589227693.0322878,32,15,1
1589231212.0122194,32,15,1
1589234764.1217108,28,14,0
1589238326.7595768,27,14,0
1589242489.7989535,27,14,0
1589245648.1170847,27,14,0
1589249321.445945,27,14,0
1589252909.1933012,27,14,0
1589256591.2188234,30,14,1
1589260079.3386943,30,13,1
1589263736.8863947,29,12,1
1589267394.7206335,27,14,1
1589270881.504099,30,16,0
1589274497.2281184,29,17,0
1589278031.7706985,28,19,0
1589281678.755769,28,19,1
1589285392.8750262,27,18,1
1589289000.349632,25,16,0
1589292595.5333598,26,15,1
1589295944.512234,25,17,1
1589299848.0682492,28,15,1
1589303404.2771523,27,18,0
1589306912.1469283,29,15,0
1589310663.2081563,28,16,0
1589313984.1053948,27,19,0
1589317550.5554657,26,20,0
1589321185.4012322,25,21,0
1589324727.8442652,25,21,0
1589328884.64291,25,21,0
1589332240.4691958,25,21,0
1589335846.928528,25,21,0
1589339328.9329765,25,21,0
1589342813.7830713,27,22,0
1589346505.401721,27,21,0
1589350045.222396,29,18,0
1589353541.8087344,29,16,0
1589357232.716261,29,16,1
1589360881.9917903,29,16,1
1589364366.9758275,28,12,1
1589368210.7575643,29,14,0
1589371655.3286595,30,13,0
1589375542.374144,35,15,0
1589378745.0529563,34,14,0
1589382564.181986,37,12,0
1589385968.223485,35,14,0
1589389639.107598,32,16,1
1589393274.0283163,33,16,0
1589396841.2564545,32,16,0
1589400392.303158,33,14,0
1589403947.2486944,34,14,0
1589407592.7595935,32,13,0
1589411243.6427708,32,13,0
1589415282.5314798,32,13,0
1589418663.5217826,32,13,0
1589422130.641154,32,13,0
1589425650.1729183,32,12,0
1589429398.5821419,31,11,0
1589432761.6580675,30,13,0
1589436422.1452382,28,16,1
1589440061.0096507,29,16,1
1589443586.8420732,29,18,1
1589447383.9460747,30,17,0
1589450938.164921,27,19,1
1589454445.2015486,28,18,1
1589458202.9460058,35,16,1
1589461794.4794168,32,14,0
1589465216.3711154,31,17,0
1589468878.3997025,30,16,0
1589472424.577923,39,16,0
1589475983.5346904,37,17,0
1589479612.5735917,32,17,1
1589483223.829098,31,17,1
1589486821.5081515,29,19,0
1589490387.2071307,28,20,1
1589494129.7973852,27,21,1
1589497649.5286953,27,21,1
1589501688.8303533,27,21,1
1589505100.6831682,27,21,1
1589508597.301056,27,21,1
1589512139.1845822,27,21,1
1589515896.8926275,26,17,1
1589519291.5602922,26,16,1
1589522822.496808,31,15,0
1589526391.8857622,32,15,0
1589529986.4080465,32,14,0
1589533886.1028953,34,13,1
1589537227.7675817,29,17,1
1589540820.5450077,35,18,1
1589544452.4361079,29,19,1
1589548030.163202,31,19,0
1589551840.8297093,33,15,0
1589555276.299793,26,16,1
1589559024.488229,24,16,1
1589562558.1520858,26,19,1
1589566040.6001756,28,18,1
1589569578.2888973,30,19,1
1589573209.0134413,29,17,1
1589576843.245761,28,16,1
1589580395.0196497,26,16,1
1589583952.9561334,26,16,1
1589588101.185351,25,16,1
1589591254.7820027,25,16,1
1589594851.3557467,25,16,1
1589598498.7638233,25,16,1
1589602035.8694627,25,16,1
1589605563.796103,25,16,1
1589609297.153722,25,18,1
1589612877.9931476,24,17,1
1589616382.9176676,25,19,1
1589620043.822473,28,19,1
1589623640.8188298,27,19,1
1589627197.4043558,27,18,1
1589630846.1024497,26,18,0
1589634382.9859793,27,19,1
1589638038.6644871,28,15,1
1589641531.69179,31,15,0
1589645229.2934265,30,15,1
1589648862.9395788,35,14,1
1589652438.441831,35,14,0
1589656045.2903836,31,16,0
1589659599.8779302,27,14,0
1589663171.422769,28,10,1
1589666876.8790302,28,10,1
1589670324.7969284,28,10,1
1589674526.6129224,28,10,1
1589677868.2441778,28,10,1
1589681189.1228073,28,10,1
1589684920.2290714,28,10,1
1589688621.0419447,28,10,1
1589691973.2188907,30,10,0
1589695633.6133916,29,11,0
1589699168.420929,30,11,0
1589702786.2534537,28,10,1
1589706372.4165843,25,12,1
1589709997.2925363,28,13,1
1589713610.422725,29,13,1
1589717226.2614956,29,13,1
1589720896.364247,30,14,1
1589724401.1260169,32,17,1
1589728004.7960305,30,16,0
1589731641.2072792,34,16,0
1589735182.4444277,36,18,1
1589738849.1013253,39,20,1
1589742383.9019766,39,21,0
1589746004.8910751,34,17,0
1589749538.117545,35,20,1
1589753157.0256639,37,20,1
1589756801.0119026,37,20,1
1589760925.864441,37,20,1
1589764269.837347,36,20,1
1589767582.2029855,36,20,1
1589771182.3120744,36,20,1
1589774879.7978396,35,21,1
1589778444.147219,35,22,0
1589781991.798747,36,22,0
1589785722.1578047,33,19,0
1589789184.1224782,33,17,1
1589792764.9037426,32,17,1
1589796419.9274685,30,14,0
1589799981.1511326,33,14,0
1589803645.1791224,29,13,0
1589807242.80011,29,13,0
1589810787.667226,30,14,0
1589814357.5324674,33,12,0
1589817974.2608492,35,13,0
1589821584.169571,35,13,0
1589825181.4526007,26,12,1
1589828761.6108751,29,16,1
1589832410.18164,30,16,0
1589835943.7585137,30,17,1
1589839543.6336303,27,17,1
1589843148.3878975,27,17,1
1589847317.20973,27,17,1
1589850616.687687,27,17,1
1589854129.3315926,27,17,1
1589857582.6416998,27,17,1
1589861206.0650713,27,18,1
1589864911.0762355,33,15,0
1589868517.5084748,33,12,0
1589872103.6184478,33,11,0
1589875585.3682377,30,12,0
1589879243.034175,32,12,0
1589882833.3941853,30,13,0
1589886411.8809705,28,14,1
1589890066.570768,28,15,1
1589893555.1454816,33,14,0
1589897234.6390853,29,18,0
1589900775.5291903,29,18,1
1589904644.9245453,33,14,1
1589908022.1238995,33,18,1
1589911603.4598544,30,17,0
1589915199.777886,30,17,0
1589918818.0053582,28,17,0
1589922461.6147385,28,17,0
1589925975.2262168,28,17,0
1589929543.0314736,28,17,0
1589933701.034116,28,17,0
1589936850.5946596,28,17,0
1589940398.3314998,28,17,0
1589944074.0662508,30,16,0
1589947677.6959367,31,15,0
1589951150.7866886,29,15,0
1589954910.7065175,29,14,0
1589958447.056074,30,12,0
1589962012.595781,28,10,0
1589965555.9708428,29,12,0
1589969160.915225,31,10,1
1589972770.272508,34,12,1
1589976537.1751747,36,10,1
1589990776.077216,31,15,1
1589994378.7457457,30,15,1
1589997973.9581873,32,16,1
1590001544.500657,32,16,1
1590005213.6195753,30,15,0
1590008775.7239203,30,17,1
1590012419.723378,31,15,0
1590015979.5926113,31,15,0
1590020118.347043,31,15,0
1590023190.3226283,31,15,0
1590026903.791796,31,15,0
1590030373.7124963,31,15,0
1590034093.7668366,31,15,0
1590037631.9003456,31,15,0
1590041202.9684737,28,15,0
1590044818.5083086,28,16,0
1590048376.9195836,27,13,0
1590051963.127958,29,15,1
1590055569.7134054,30,14,0
1590059178.243183,31,13,0
1590062846.9150445,30,12,0
1590066377.3266997,29,13,0
1590069956.762659,32,13,0
1590073617.6301157,33,14,0
1590077212.2092664,33,15,0
1590080792.9852211,32,18,0
1590084482.3636227,31,19,0
1590087991.2184806,32,18,0
1590091608.5281277,33,14,0
1590095206.2650824,31,14,0
1590098821.3377213,32,13,0
1590102363.0804093,32,13,0
1590106536.1977916,32,13,0
1590109585.2405357,32,13,0
1590113203.862941,32,13,0
1590116878.428072,32,13,0
1590120503.4851713,31,13,0
1590124045.6553907,31,14,0
1590127591.5488164,31,15,0
1590131175.7709868,28,15,0
1590134799.3048303,33,17,0
1590138360.063892,37,15,0
1590142010.8285508,37,14,0
1590145613.904032,36,15,0
1590149238.1732085,40,12,0
1590152757.2321227,42,12,0
1590156366.6070044,38,12,0
1590159960.8542435,34,17,1
1590178069.7756538,35,21,0
1590189344.6581018,30,20,1
1590193816.2748759,30,20,1
1590196364.7125876,30,20,1
1590199861.9550157,30,20,1
1590203458.343893,30,20,1
1590207112.4652355,30,20,1
1590210641.6309052,30,20,1
1590214308.856681,29,20,0
1590217861.6048913,26,20,0
1590221508.126693,25,20,0
1590225033.1434839,27,20,1
1590228634.9955287,28,16,1
1590232220.5712018,26,13,1
1590236041.5025518,28,13,1
1590239466.339375,28,14,1
1590243028.975964,28,10,0
1590246641.0140464,27,11,0
1590250300.9300447,24,12,0
1590253842.456492,26,13,0
1590257511.7056074,25,14,0
1590261008.25252,28,15,0
1590264776.5178325,26,13,0
1590268235.5370657,26,14,0
1590271849.9541693,25,14,0
1590275403.892526,25,14,0
1590280258.1286077,25,14,0
1590282723.8460486,25,14,0
1590286285.563496,25,14,0
1590289864.6185694,25,14,0
1590293509.718392,25,14,0
1590297031.402671,25,14,0
1590300736.04858,26,13,0
1590304266.7624571,24,15,0
1590307906.4543655,22,13,0
1590311458.313254,22,11,1
1590315068.2624555,21,18,1
1590318624.1090028,20,18,0
1590322453.069474,21,19,0
1590325828.7769456,20,20,1
1590329444.1088097,23,20,1
1590333064.29979,22,20,1
1590336696.5379179,22,19,1
1590340251.89912,24,18,0
1590343894.9524338,26,18,0
1590347417.787255,27,17,1
1590351158.8617623,29,18,1
1590354646.8984034,28,16,0
1590358235.1329963,28,16,0
1590361815.480674,28,16,0
1590366617.6090155,28,15,0
1590369115.8189821,28,15,0
1590372699.4991188,28,15,0
1590376293.0588343,29,16,1
1590379897.7054224,29,15,1
1590383454.594343,28,16,1
1590387128.4544632,27,15,0
1590390678.3344333,29,13,0
1590394326.4209137,30,12,0
1590397878.5601535,28,10,0
1590401470.3927374,29,12,0
1590405048.8465073,31,9,1
1590408848.9608738,26,11,0
1590412248.6688824,27,11,0
1590415837.8635561,27,13,1
1590419489.9652545,29,16,1
1590423102.5661223,29,14,1
1590426682.9412498,31,13,0
1590430315.8809843,34,17,1
1590433824.0410583,34,16,1
1590437561.9342844,34,14,1
1590441054.3396113,34,16,1
1590444634.1736124,31,14,0
1590448223.6081598,31,14,0
1590453007.4326909,30,14,0
1590455511.3692298,30,14,0
1590459098.0156403,30,14,0
1590462681.1329424,30,14,0
1590466300.5837717,34,16,0
1590469857.7957358,35,17,1
1590473526.1469607,33,15,1
1590477085.103239,32,14,1
1590480733.7797737,30,14,1
1590484285.6448336,28,12,1
1590487881.7501202,29,13,1
1590491444.7275603,29,14,1
1590495266.387055,30,13,1
1590498647.784594,31,12,0
1590502248.4034014,31,15,0
1590505851.588313,32,17,0
1590509522.7996976,36,19,0
1590513081.9761567,31,22,1
1590516699.4209878,31,22,1
1590520223.4736612,27,21,1
1590523958.280496,27,19,1
1590527441.0090582,28,19,1
1590531058.4577723,26,18,0
1590534667.687789,27,18,0
1590539434.1676414,27,18,0
1590541908.0222015,27,18,0
1590545494.9467003,27,18,0
1590549077.4855168,28,20,0
1590552691.5667768,28,19,0
1590556251.6981747,28,18,0
1590559921.3111317,32,14,0
1590563476.8767593,33,13,0
1590567149.5125806,27,12,0
1590570677.2299452,28,16,0
1590574263.4251363,29,15,0
1590577841.083411,29,15,0
1590581671.4834263,29,11,0
1590585042.2798316,29,11,0
1590588678.5773683,28,13,0
1590592271.1111512,29,13,0
1590595915.9397705,31,13,1
1590599464.9272964,29,15,0
1590603107.0857701,29,17,0
1590606632.429642,27,17,1
1590610375.8059835,28,16,0
1590613954.7447627,27,16,0
1590617550.4881248,30,18,1
1590621123.7558846,30,18,1
1590626130.4300616,29,18,1
1590628438.591632,29,18,1
1590632027.5478194,29,18,1
1590635589.8852959,29,18,1
1590639227.4213302,33,17,0
1590642762.046411,32,17,0
1590646458.7193692,26,17,0
1590649991.1494832,20,18,0
1590653673.2574008,24,17,1
1590657175.9153771,24,16,1
1590660776.8715081,29,12,1
1590664220.6273339,32,14,0
1590668039.865808,35,16,0
1590671420.5927188,36,13,0
1590675154.9725986,37,12,0
1590678781.0695436,40,11,0
1590682428.1295485,41,14,0
1590685996.2661545,39,16,0
1590689640.5374026,39,12,0
1590693111.836423,39,14,0
1590696888.315247,40,14,1
1590700352.3973572,40,15,1
1590703968.940664,33,16,1
1590707301.4399874,33,16,1
1590711868.1042702,33,16,1
1590714571.0643783,33,16,1
1590718170.5118237,33,16,1
1590721716.9939024,33,16,1
1590725364.583623,35,16,0
1590728917.4107416,33,17,0
1590732591.6532028,35,15,0
1590736128.9908483,31,16,0
1590739827.5710032,28,15,0
1590743329.2034874,27,12,0
1590746942.10088,29,11,0
1590750496.446533,28,12,0
1590754276.163384,25,15,0
1590757718.9580567,24,15,0
1590761329.9954243,27,15,0
1590764945.095957,27,17,0
1590768562.4785283,29,18,0
1590772120.4860487,31,17,1
1590775747.6335564,30,19,1
1590779313.0052571,27,22,1
1590783013.25136,23,20,0
1590786511.1970751,24,20,1
1590790112.9677565,21,22,1
1590793697.7593372,21,22,1
1590798226.2718618,21,22,1
1590801142.7492862,20,22,1
1590804531.2278836,20,22,1
1590808118.0567906,20,22,1
1590811769.9226778,20,22,1
1590815300.4126456,20,22,1
1590818969.2176702,19,23,0
1590822690.9147737,21,16,0
1590826177.4970348,22,15,1
1590829727.494923,24,14,1
1590833316.784719,27,14,1
1590836909.2443287,25,16,0
1590840673.612102,26,16,0
1590844130.4956512,26,16,0
1590847722.7267888,26,15,0
1590851321.423766,25,15,1
1590854965.250689,26,16,1
1590858519.2490237,25,14,1
1590862167.6265273,26,14,0
1590865696.9849656,25,14,0
1590869404.889798,26,14,0
1590872902.4940085,27,14,0
1590876518.3115418,27,14,0
1590880103.9315825,27,14,0
1590884729.0062737,27,14,0
1590887452.0687182,27,14,0
1590890970.242829,27,14,0
1590894526.4205532,27,14,0
1590898174.237078,27,14,0
1590901698.8472126,27,14,0
1590905385.9942517,27,14,1
1590908937.849757,22,16,1
1590912589.484782,22,17,1
1590916139.1394303,25,15,1
1590919725.4156976,25,14,1
1590923308.1930604,27,13,0
1590927097.2076762,22,14,0
1590930518.0553687,19,14,1
1590934131.5158708,18,15,1
1590937714.8716853,18,16,0
1590941366.2549834,17,19,0
1590944920.1822186,17,20,0
1590948568.271304,16,20,1
1590952106.6959217,15,18,1
1590955812.900561,15,17,0
1590959329.4397638,14,19,0
1590962919.4811018,14,18,1
1590966536.0534613,14,18,1
1590971134.7601514,14,18,1
1590973819.5620914,14,18,1
1590977376.3239045,14,18,1
1590980935.4354475,14,18,1
1590984586.4902236,14,18,1
1590988136.3801775,14,18,1
1590991784.7053356,14,18,1
1590995353.3621488,15,16,1
1590998994.4053516,16,17,1
1591002546.4790955,18,16,1
1591006136.2316744,17,15,1
1591009695.9509013,17,16,1
1591013499.397818,17,15,1
1591016928.6571257,17,17,1
1591020527.0068536,24,17,0
1591024150.474288,25,18,0
1591027763.350924,28,19,0
1591034989.1956384,28,22,1
1591038498.8466775,29,22,1
1591042217.8829744,31,21,1
1591045729.1887186,29,21,0
1591049329.0177126,29,21,0
1591052934.5222666,29,21,0
1591057469.5289063,29,21,0
1591060185.756319,29,21,0
1591063769.5539691,29,21,0
1591067330.6289334,28,20,1
1591070979.5293083,31,22,1
1591074535.9295545,30,19,1
1591078186.4863422,31,16,1
1591081742.2202282,31,15,1
1591085400.4351337,30,18,0
1591088932.0411274,32,18,0
1591092533.2885072,32,18,0
1591096113.4024837,36,15,0
1591099915.0642908,33,13,0
1591103328.3747315,36,11,0
1591106935.2542095,35,10,0
1591110526.601156,35,13,0
1591114179.4817793,33,18,0
1591117737.404361,35,18,1
1591121368.7300563,34,18,0
1591124890.2765522,34,17,0
1591128638.406029,33,18,0
1591132118.6914706,33,19,0
1591135728.5206234,30,20,0
1591139317.0464451,30,20,0
1591143880.8833826,30,20,0
1591146596.2208202,30,20,0
1591150156.5047324,30,20,0
1591153739.4996042,30,20,0
1591157388.3064048,29,20,0
1591160919.3628001,31,19,0
1591164598.9078512,32,19,0
1591168162.1482165,29,17,0
1591171781.3202672,33,13,1
1591175343.0984669,31,13,1
1591178947.4215567,34,14,1
1591182517.488629,33,17,1
1591186313.7112432,35,16,0
1591189875.465621,32,17,0
1591193342.9759567,31,16,0
1591197142.9698033,28,20,0
1591200586.4596786,24,21,1
1591204132.1938043,24,24,1
1591207784.5961769,27,22,0
1591211319.7205565,28,21,0
1591215022.9538147,28,22,0
1591218524.0231905,30,23,0
1591222125.011814,30,21,0
1591225748.874291,28,22,0
1591230288.6104364,28,22,0
1591233217.4344366,28,22,0
1591236549.814436,28,22,0
1591240135.9639661,28,22,0
1591243785.7740707,26,21,0
1591247318.1350367,26,22,0
1591251000.8642032,21,23,0
1591254550.910757,20,21,0
1591258203.4330258,21,22,0
1591261786.2648795,25,20,0
1591265365.4470797,22,17,0
1591268923.1083753,24,16,0
1591272703.548828,27,18,0
1591276147.2346308,30,15,0
1591279733.4050386,28,18,0
1591283327.570698,27,18,0
1591286974.3782628,30,18,0
1591290560.5985296,30,18,0
1591294180.1674473,30,18,0
1591297716.7359517,26,19,0
1591301436.4459693,29,17,0
1591304928.902877,27,18,0
1591308520.900842,26,19,0
1591312122.6177356,26,19,0
1591316719.7396648,25,19,0
1591319415.414134,25,19,0
1591322958.7956283,25,19,0
1591326546.4585402,25,19,0
1591330226.9861867,24,18,0
1591333719.441255,27,15,0
1591337396.2683024,22,17,1
1591340952.0560534,18,17,1
1591344626.9226117,24,13,0
1591348138.3073997,22,11,0
1591351744.1260664,24,10,0
1591355331.2853777,26,11,0
1591359098.405922,28,10,0
1591362542.9535053,25,11,1
1591366135.7086334,27,11,0
1591369729.8746736,27,13,0
1591373376.2976456,33,15,0
1591376939.30459,29,17,0
1591380581.4781508,32,18,1
1591384118.7585015,33,18,1
1591387849.6859584,30,19,0
1591391342.1401126,29,16,0
1591394939.6150186,28,16,0
1591398439.977613,28,15,0
1591403086.6705928,28,16,0
1591405775.875541,28,16,0
1591409365.286458,28,16,0
1591412945.1533206,28,16,0
1591416594.6724424,28,16,0
1591420169.983437,28,16,0
1591423796.8849146,28,16,0
1591427383.760956,29,14,0
1591430999.4488778,29,16,0
1591434525.644783,27,16,0
1591438146.4453156,28,15,0
1591441720.691751,30,15,0
1591445518.4858177,27,15,1
1591448996.7361708,24,15,1
1591452546.1051302,25,16,1
1591456140.412748,26,16,1
1591459754.035664,23,17,1
1591463352.0217762,23,19,1
1591466985.2356627,24,16,1
1591470509.925746,23,16,0
1591474227.2054312,23,16,0
1591477715.1458585,24,16,0
1591481334.2177114,24,16,0
1591484920.8039668,24,16,0
1591489571.987264,24,16,0
1591492203.1341057,24,16,0
1591495760.2383263,24,16,0
1591499344.7197444,24,16,0
1591502994.4339988,24,16,0
1591506516.8667123,24,16,0
1591510198.6153386,23,18,1
1591513747.934001,26,20,1
1591517400.8221524,23,20,0
1591520937.4201877,23,22,0
1591524565.1277664,24,21,0
1591528131.9636452,23,20,0
1591531919.4678082,24,19,0
1591535332.5883684,24,20,0
1591538940.7798767,26,20,0
1591542529.860577,27,18,0
1591546175.3022468,27,17,0
1591549726.769605,30,14,0
1591553378.6463761,28,17,0
1591556934.058666,27,17,0
1591560624.2916315,28,18,0
1591564146.8804727,28,17,0
1591567728.957464,28,17,0
1591571318.7153678,28,16,0
1591575939.0331998,28,16,0
1591578623.0513613,28,16,0
1591582193.1516707,28,16,0
1591585767.6482327,29,15,1
1591589385.9499466,28,15,1
1591592948.2948108,29,15,1
1591596623.6979342,26,17,0
1591600163.1354835,31,16,0
1591603809.864984,30,17,0
1591607369.7019055,34,15,0
1591610955.9616039,33,16,0
1591614551.4148178,30,15,0
1591618321.8648996,29,14,0
1591621732.2006042,22,13,1
1591625369.7480984,27,16,1
1591628951.7717347,28,14,0
1591632599.9696085,29,18,0
1591636151.94492,31,15,1
1591639782.6744146,31,14,1
1591643334.4162169,35,13,0
1591647067.5201733,32,15,0
1591650522.3468945,34,14,0
1591654154.3138585,32,15,1
1591657731.92407,32,15,1
1591662325.403095,32,15,1
1591665010.6687431,32,15,1
1591668581.1500607,32,15,1
1591672156.9614239,32,15,1
1591675779.054312,32,15,0
1591679335.7073174,30,15,0
1591683015.0303261,35,13,0
1591686569.9340174,33,11,0
1591690214.9546654,32,11,0
1591693765.885945,29,11,0
1591697348.9590673,28,11,0
1591700937.7349453,24,13,1
1591704714.1104727,24,16,0
1591708122.9458792,24,14,1
1591711744.766376,26,16,1
1591715369.4322066,25,23,1
1591719012.0860205,27,26,0
1591722546.4476225,27,26,1
1591726202.3297045,29,24,1
1591729726.5762093,30,20,1
1591733450.7660737,30,19,1
1591736939.034926,27,20,1
1591740534.0789986,26,18,1
1591744118.8790908,26,17,1
1591748748.6090252,26,17,1
1591751438.1266668,26,17,1
1591754985.4136183,26,17,1
1591758550.3906474,26,17,1
1591762192.4714713,29,18,0
1591765751.072038,30,17,1
1591769402.5465214,32,15,1
1591772969.3352084,28,15,1
1591776613.4601243,26,18,0
1591780154.7872078,25,20,0
1591783776.0910325,23,18,1
1591787327.79577,23,18,1
1591791130.2342257,23,15,1
1591794544.9073746,23,17,1
1591798175.802993,24,14,1
1591801879.270941,24,12,1
1591805386.8290763,26,13,1
1591808952.2564733,31,15,0
1591812601.449738,32,15,0
1591816128.5040295,34,14,0
1591819845.2803366,30,14,0
1591823344.85186,31,14,0
1591826935.1216106,31,13,0
1591830525.4524858,31,13,0
1591835119.5535092,30,13,0
1591837804.4456377,30,13,0
1591841399.9540188,30,13,0
1591844963.0478659,30,13,0
1591848690.62846,32,14,0
1591852184.9623752,32,13,0
1591855811.6989071,31,12,0
1591859373.056537,28,10,0
1591863023.4226105,30,12,0
1591866564.2739477,24,11,0
1591870149.4862418,27,11,1
1591873740.444045,24,12,1
1591877538.977257,28,9,0
1591880934.9196134,30,13,0
1591884635.939987,28,13,0
1591888172.435719,28,10,0
1591891786.349183,34,11,0
1591895378.5311546,37,13,0
1591898992.8984225,36,10,0
1591902531.2583299,34,11,0
1591906239.4358876,34,9,1
1591909764.5601614,31,9,0
1591913337.67411,31,9,0
1591916939.7640476,32,8,0
1591921553.433734,32,8,0
1591924277.3759677,32,8,0
1591927811.74697,32,8,0
1591931359.114385,32,8,0
1591934979.3008754,32,8,0
1591938542.5045543,31,11,0
1591942217.1444688,33,7,0
1591945753.7566478,26,10,0
1591949432.3591337,25,8,1
1591952966.173994,25,11,0
1591956553.3196971,27,11,0
1591960138.9845874,25,13,0
1591963945.653337,24,13,1
1591967349.935501,25,13,1
1591970977.1001055,27,10,1
1591974566.9183745,27,10,1
1591978195.594488,28,11,0
1591981745.5017035,27,13,1
1591985397.2859604,26,13,1
1591988928.9931202,28,15,1
1591992649.3189216,30,12,0
1591996142.677318,31,13,0
1591999762.6088464,33,13,0
1592003318.8295305,33,13,0
1592007974.2977672,33,13,0
1592010599.6352708,33,13,0
1592014186.111566,33,13,0
1592017750.0296192,33,13,0
1592021396.5467868,33,13,0
1592024937.7419608,33,13,0
1592028618.3659759,30,11,1
1592032165.4603207,30,12,1
1592035799.9054713,29,11,1
1592039357.5322976,32,12,0
1592042954.6323395,30,8,0
1592046547.903135,29,6,0
1592050307.939872,29,9,1
1592053749.8285782,31,8,1
1592057357.9016714,29,7,1
1592060947.4526672,30,6,1
1592064597.5615773,29,7,1
1592068141.515785,27,7,1
1592071836.2733688,29,7,1
1592075334.65572,26,7,1
1592079049.9578485,28,9,0
1592082552.22816,27,9,0
1592086136.1909802,27,11,0
1592089739.9222786,27,11,0
1592094431.8687348,27,11,0
1592096999.085462,27,11,0
1592100594.8140023,27,11,0
1592104150.8557498,27,11,0
1592107795.6781085,27,11,0
1592111349.8119583,27,11,0
1592115008.6681848,26,10,0
1592118593.619093,26,10,0
1592122182.1535087,24,10,0
1592125774.7298079,28,11,0
1592129356.4267566,26,16,0
1592132920.6248913,23,15,0
1592136743.7353158,17,19,1
1592140227.5663328,20,18,1
1592143775.4181104,19,18,1
1592147366.9929602,21,22,1
1592150983.870813,21,23,1
1592154546.9623034,25,23,0
1592158194.8996816,25,22,0
1592161775.239281,25,20,1
1592165457.4545047,25,21,1
1592168954.3687136,23,22,0
1592172538.6924698,23,22,0
1592176126.4006903,22,22,0
1592180782.0678961,22,22,0
1592183503.9789424,22,22,0
1592187001.7976773,22,22,0
1592190557.5688934,22,22,0
1592194202.8507552,24,19,0
1592197770.3588212,26,18,0
1592201415.4274697,26,18,0
1592205050.6111355,33,12,0
1592208625.5259178,34,11,0
1592212167.903241,33,10,0
1592215766.206111,32,10,0
1592219340.4505267,33,9,0
1592223141.4400504,37,11,0
1592226559.3836284,35,13,0
1592230155.6325088,38,11,0
1592233774.3136494,37,9,1
1592237399.5799506,40,11,1
1592240961.792709,36,13,1
1592244619.5851202,39,15,1
1592248120.1038985,36,18,1
1592251859.0507724,35,17,1
1592255386.3446798,34,17,1
1592258949.8840966,31,17,0
1592262474.0454118,31,18,0
1592267183.301936,31,18,0
1592269818.95098,31,18,0
1592273381.024568,31,18,0
1592276971.2192805,31,19,0
1592280586.1695886,33,19,0
1592284150.6802163,33,18,0
1592287830.4484541,31,16,0
1592291381.7848887,28,17,0
1592295011.2699604,29,14,0
1592298578.5023046,31,12,0
1592302164.4988017,27,13,0
1592305722.8355184,26,14,1
1592309526.8122633,25,14,1
1592312966.375469,30,13,0
1592316595.4815652,33,14,0
1592320166.129535,28,18,0
1592323788.2960687,29,16,0
1592327349.8226993,30,16,0
1592331003.6036203,30,15,0
1592334535.678061,30,15,0
1592338242.1075606,29,15,0
1592341744.6929095,30,15,0
1592345367.0261383,28,14,0
1592348920.5968182,28,14,0
1592353559.0919538,28,14,0
1592356210.882646,28,14,0
1592359797.5224335,28,14,0
1592363359.1761599,28,14,0
1592366982.432132,30,14,0
1592370571.0490234,30,14,0
1592374223.5652525,27,12,0
1592377866.5387983,30,13,0
1592381429.6431692,29,15,0
1592384972.0708122,27,12,0
1592388556.8078601,28,11,0
1592392146.1353154,26,14,0
1592395947.0053399,26,13,0
1592399452.3150325,24,15,1
1592402982.1292262,23,17,1
1592406698.0476754,23,15,1
1592410207.3817935,26,17,1
1592413769.3845394,24,17,1
1592420091.1340535,23,20,1
1592420918.8591828,23,20,1
1592424662.121036,21,22,1
1592428165.3472028,25,22,0
1592431755.4891675,25,20,0
1592435341.8492074,25,20,0
1592439968.1350677,25,20,0
1592442627.1441119,25,20,0
1592446186.7481132,25,20,0
1592449748.9033222,25,20,0
1592453397.6077402,21,21,1
1592456960.8434777,21,22,1
1592460609.9304667,21,20,1
1592464204.6058764,20,20,0
1592467822.6780798,22,18,0
1592471366.1702254,24,16,1
1592474967.7352617,26,14,1
1592478525.7859766,24,14,1
1592482350.456885,32,14,1
1592485764.2612603,28,12,1
1592489371.126527,31,14,1
1592492965.905815,32,16,0
1592496607.342964,36,14,1
1592500169.896396,27,14,1
1592503793.8495257,28,15,0
1592507323.052181,28,15,0
1592511047.557717,27,15,0
1592514578.227185,27,14,0
1592518207.6482644,26,14,0
1592521742.7525492,26,14,0
1592526406.1209168,26,14,0
1592529030.0246806,26,14,0
1592532591.8734424,26,14,0
1592536151.631008,26,14,0
1592539808.4985552,24,14,0
1592543359.9076555,24,13,0
1592547012.0551848,23,16,1
1592550595.9010189,19,18,1
1592554253.2258253,18,16,1
1592557785.1689398,19,18,1
1592561380.5962346,17,20,1
1592564943.600131,19,17,1
1592568738.4713607,23,16,1
1592572146.6838186,24,14,1
1592575782.6469421,22,16,1
1592579361.8611739,22,14,1
1592583021.9170198,26,19,0
1592586553.3133235,25,18,0
1592590204.4197905,23,17,0
1592593741.7330384,24,16,0
1592597454.2861829,27,14,0
1592600944.2754617,28,12,0
1592604563.4451988,27,12,0
1592608122.5539212,26,12,0
1592612774.8762274,26,12,0
1592615403.274516,26,12,0
1592618995.8925395,26,12,0
1592622552.0216007,26,12,0
1592626198.0066342,26,12,0
1592629754.5053713,26,12,0
1592633408.2910428,26,12,0
1592636996.165411,27,12,1
1592640612.2059588,28,10,1
1592644171.2921746,25,14,1
1592647760.3715768,31,14,1
1592651329.0297484,31,12,1
1592655121.4980936,30,12,0
1592658560.9179423,27,12,1
1592662183.5639768,27,12,1
1592665768.0578575,26,12,0
1592669387.3765376,30,13,0
1592672949.3237088,34,13,0
1592676601.8987947,40,11,0
1592680129.9036455,42,11,0
1592683839.3143287,41,13,1
1592687366.177217,35,15,1
1592690953.2799456,35,15,1
1592694554.758044,34,15,1
1592699259.5215528,34,15,1
1592701820.2694504,34,15,1
1592705415.9299,34,15,1
1592708968.898483,34,15,1
1592712629.7081602,34,15,1
1592716191.7592695,34,15,1
1592719830.9307814,34,15,1
1592723383.7061303,35,12,1
1592727006.43597,37,13,1
1592730566.8438067,36,15,1
1592734150.7274714,34,21,1
1592737740.461604,36,20,1
1592741539.3725536,30,20,0
1592744944.4967666,34,19,0
1592748599.1891356,32,16,0
1592752157.95005,29,17,1
1592755774.907559,26,18,1
1592759365.5681512,29,19,1
1592762986.191449,29,20,1
1592766581.0589032,23,21,1
1592770251.4267824,25,22,1
1592773755.3188803,20,20,1
1592777343.4500797,20,20,1
1592780923.7204602,20,20,1
1592785634.708922,20,20,1
1592788208.6365132,20,20,1
1592791824.366027,20,20,1
1592795382.7520685,21,20,0
1592799005.9372246,22,19,0
1592802570.8590224,22,18,1
1592806247.9150124,21,16,1
1592809887.1127725,23,13,0
1592813433.7351942,23,13,0
1592816994.2231894,26,14,0
1592820628.1482644,29,13,0
1592824158.3373876,29,13,0
1592827952.3214996,31,13,0
1592831373.6313653,34,10,0
1592835014.615696,31,11,0
1592838564.3879848,32,12,0
1592842221.912434,34,13,0
1592845777.897136,36,13,0
1592849431.1681018,40,13,0
1592852930.5248563,40,12,0
1592856644.9431126,38,14,0
1592860148.0471199,35,14,0
1592863764.0380993,31,14,1
1592867326.287942,31,14,1
1592871988.7487292,31,14,1
1592874609.063003,31,14,1
1592878233.147228,31,14,1
1592881789.6093695,31,14,1
1592885410.7599342,34,15,0
1592888979.332233,33,16,0
1592892637.1631079,30,16,1
1592896191.0286613,30,15,1
1592899821.69639,28,16,1
1592903376.1245658,29,16,0
1592906974.8410084,33,12,0
1592910539.3791084,33,12,1
1592914350.9522471,33,13,1
1592917770.5715256,34,11,1
1592921399.7294304,33,15,1
1592924984.538235,36,15,0
1592928612.0898204,35,15,0
1592932147.700782,34,19,1
1592935803.1121304,35,19,1
1592939332.4169273,34,19,1
1592943045.5860374,35,21,0
1592946547.7141857,37,19,0
1592950173.967012,31,20,0
1592953750.6640515,31,20,0
1592958400.5312564,31,20,0
1592961028.6938908,31,20,0
1592964618.1981134,31,20,0
1592968176.6342049,31,20,0
1592971826.0314946,33,22,0
1592975366.1166801,35,20,0
1592979014.605379,36,19,0
1592982598.890633,34,18,0
1592986249.7235389,34,16,0
1592989782.9713185,31,13,0
1592993378.7552168,40,10,0
1592996964.6345565,38,10,0
1593000746.6802473,38,14,0
1593004160.1260242,37,13,0
1593007811.4683077,37,15,0
1593011385.3869178,30,17,0
1593015039.6034644,33,16,0
1593018563.4150345,30,19,0
1593022212.4385755,29,18,0
1593025745.4776082,30,19,0
1593029446.107198,27,20,0
1593032973.6258686,27,17,1
1593036557.0112333,25,18,0
1593040156.2913878,24,18,0
1593044823.0481474,24,18,0
1593047453.9839282,24,18,0
1593051045.8248906,24,18,0
1593054576.811415,24,18,0
1593058229.2782965,24,19,0
1593061762.276439,24,22,0
1593065444.8188272,24,18,0
1593068979.929475,21,20,1
1593072631.5971534,21,22,1
1593076190.3823786,21,20,1
1593079789.0286853,25,19,0
1593083354.7325916,23,17,0
1593087164.593848,25,15,0
1593090582.6259549,25,17,0
1593094191.6746905,30,17,0
1593097786.1595347,30,17,0
1593101417.631811,31,15,0
1593104980.6268106,33,15,0
1593108607.566553,34,13,0
1593112136.6628494,35,16,1
1593115850.7343843,34,15,1
1593119354.3475142,36,12,1
1593122975.0356798,34,13,1
1593126542.2105591,34,13,1
1593131260.1975222,34,13,1
1593133834.3215094,34,13,1
1593137453.1315036,34,13,1
1593140985.6557083,34,13,1
1593144612.5555933,32,14,1
1593148176.8252826,29,13,1
1593151848.6411746,24,14,1
1593155386.6233063,23,14,1
1593159073.4489963,25,13,0
1593162594.3261242,26,12,0
1593166192.237834,24,10,0
1593169807.8283007,20,10,0
1593173617.7051601,21,9,0
1593176974.8785837,23,9,0
1593180590.9268265,27,6,1
1593184180.4368918,26,8,1
1593187823.851607,26,8,1
1593191359.9084346,30,9,0
1593195016.6298463,29,9,0
1593198544.5686343,30,9,0
1593202267.619295,28,11,0
1593205760.7300313,27,11,1
1593209351.8013928,27,12,1
1593212943.234407,27,12,1
1593217629.171846,27,12,1
1593220224.0809035,27,12,1
1593223823.2478192,27,12,1
1593227375.311191,27,12,1
1593231026.2147799,27,12,1
1593234607.8786747,27,12,1
1593238234.8303788,26,11,1
1593241845.6872356,24,11,1
1593245423.8186462,24,11,1
1593248981.1130452,23,11,0
1593252573.0267925,23,12,0
1593256204.5987086,23,12,0
1593259939.3892972,22,12,0
1593263503.4898763,23,13,0
1593266995.3194013,23,8,1
1593270592.172974,26,8,1
1593274207.66631,26,6,1
1593277791.2664783,24,8,1
1593281410.7342782,26,8,0
1593285090.7889307,26,8,0
1593288654.1710906,23,9,0
1593292152.1393454,21,9,0
1593295747.1317918,21,9,0
1593299359.5521858,21,9,0
1593304113.9161246,21,9,0
1593306616.658094,21,9,0
1593310234.5520146,21,9,0
1593313795.2147343,21,9,0
1593317418.774409,21,9,0
1593321024.7202408,21,9,0
1593324642.0636945,21,9,0
1593328206.4132318,21,8,0
1593331818.7941182,23,5,0
1593335372.0587363,27,5,0
1593339015.5952475,26,8,0
1593342633.4683144,25,7,0
1593346354.3424807,25,7,1
1593349876.7444227,27,6,1
1593353438.3322608,26,6,1
1593356973.0313785,25,8,0
1593360619.5819995,30,8,0
1593364151.3657935,33,8,0
1593367828.4517777,31,8,0
1593371468.301545,33,8,0
1593375065.9163008,33,9,0
1593378572.793344,28,11,1
1593382155.3864982,31,11,1
1593385742.4868436,31,11,1
1593390499.355378,31,11,1
1593393033.99994,31,11,1
1593396653.385166,31,11,1
1593400183.550949,32,11,1
1593403839.9729757,34,11,0
1593407399.4404814,32,10,0
1593411053.4229898,36,11,0
1593414585.1118493,33,10,1
1593418262.579259,32,13,1
1593429009.6273818,34,11,0
1593432790.600606,34,12,0
1593436258.1168616,34,11,1
1593439813.6006851,34,11,0
1593443379.6687706,34,13,0
1593447085.8995328,35,14,0
1593450584.2985623,38,16,0
1593454222.8825717,38,17,0
1593457785.3651626,39,18,0
1593461468.2395527,37,19,1
1593464971.3010728,34,17,1
1593468585.856798,32,15,0
1593472150.5243695,32,15,0
1593476860.187142,32,15,0
1593479458.6923208,32,15,0
1593483052.7207932,32,15,0
1593486585.4207802,32,15,0
1593490239.5156894,36,15,0
1593493795.4061587,36,15,0
1593497448.0582688,36,14,0
1593500988.2916043,40,10,0
1593504660.6211786,35,9,0
1593508197.0866508,33,12,0
1593511793.5836897,34,9,1
1593515356.857772,33,10,1
1593519162.1354651,34,10,1
1593522577.0393898,35,10,1
1593526230.6696837,32,8,1
1593529802.7440693,33,8,0
1593533435.6071925,33,13,0
1593536979.7324727,31,13,0
1593540622.524388,34,11,0
1593544180.7511265,29,15,0
1593548002.881578,25,15,0
1593551480.7581928,26,16,0
1593555077.597084,23,16,0
1593558686.7109807,24,15,0
1593563673.9604094,24,15,0
1593565973.5599048,24,15,0
1593569581.6356542,24,15,0
1593573105.5587115,24,15,0
1593576731.5610852,23,14,0
1593580303.3455937,24,14,1
1593583987.553513,25,14,1
1593587517.9046345,24,15,0
1593591181.714252,24,12,1
1593594719.4816487,23,13,1
1593598322.8429692,24,15,1
1593601876.8982913,18,16,1
1593605721.7441628,29,20,1
1593608986.910196,28,21,0
1593612684.715468,30,19,0
1593616310.2128522,31,21,0
1593619959.0553937,41,24,0
1593623443.2224104,39,22,0
1593627156.7687993,39,18,0
1593630664.7421193,37,18,0
1593634413.31823,37,18,0
1593637889.8868973,37,19,0
1593641489.840148,38,18,0
1593645086.4918945,38,18,0
1593649999.088045,38,18,0
1593652382.3111508,38,18,0
1593655975.2756865,38,18,0
1593659510.166676,38,18,0
1593663138.4155118,35,21,0
1593666673.7589226,33,21,0
1593670359.1544561,34,21,0
1593673895.852257,35,21,1
1593677587.0914621,34,21,1
1593681094.964597,35,21,1
1593684721.899729,35,21,1
1593688284.0492449,37,20,1
1593692125.1017802,34,17,0
1593695489.9721928,32,20,0
1593699141.7297096,36,18,0
1593702712.9669912,29,22,1
1593706345.819638,30,21,1
1593709910.0860555,31,22,1
1593713563.4331136,30,24,1
1593717060.709723,31,24,1
1593720815.7255774,30,24,0
1593724289.9314692,31,21,0
1593727895.1397393,31,20,0
1593731483.9936602,31,20,0
1593736507.1472807,31,20,0
1593738779.9447627,31,20,0
1593742394.421,31,20,0
1593745909.1686244,31,20,0
1593749564.6707296,32,23,1
1593753071.1453831,28,25,0
1593756784.332153,28,21,0
1593760298.7330458,31,20,0
1593764017.1551678,28,18,0
1593767512.647012,26,19,0
1593771116.9556575,27,18,0
1593774674.0137281,25,22,0
1593778631.243723,25,23,0
1593781898.4668105,28,21,0
1593785526.1259613,27,24,0
1593789125.9862754,30,22,0
1593792750.734058,26,20,0
1593796285.439364,29,19,1
1593799941.760053,30,20,1
1593803450.1716342,27,21,1
1593807224.7516448,26,22,0
1593810664.466139,26,22,0
1593814290.185331,23,26,1
1593817883.5314426,22,25,1
1593822820.6786914,22,25,1
1593825172.919691,22,25,1
1593828770.233787,22,25,1
1593832307.645882,22,25,1
1593835929.2516928,22,25,1
1593839472.6786194,22,25,1
1593843180.6418428,26,25,1
1593846717.0573218,24,24,1
1593850366.7043552,21,22,1
1593853886.56112,21,23,0
1593857521.9912412,20,25,0
1593861103.7881835,21,24,0
1593864919.7966223,22,24,1
1593868275.110549,23,21,1
1593871927.6977065,24,23,1
1593875495.1347544,23,25,1
1593879147.5559628,23,23,1
1593882685.2417521,25,20,0
1593886334.4356585,25,17,0
1593889865.3683052,29,16,0
1593893594.6038117,30,15,0
1593897061.1730163,29,15,0
1593900685.2730703,29,15,0
1593904277.0285094,29,15,0
1593909329.5602105,29,15,0
1593911571.398623,29,15,0
1593915172.4777973,29,15,0
1593918706.348679,29,15,0
1593922348.0474179,29,15,0
1593925888.5784647,29,15,0
1593929602.4547172,28,12,0
1593933112.9092267,27,12,0
1593936763.3153944,27,12,0
1593940272.5422928,28,10,0
1593943921.2626116,27,11,0
1593947489.063374,27,10,0
1593951320.1831815,27,11,0
1593954677.990998,29,12,0
1593958335.6179745,29,10,0
1593961866.5256572,31,11,0
1593965549.620112,31,10,0
1593969086.4362223,34,9,0
1593972761.2009249,33,8,0
1593976302.0167508,32,10,0
1593979992.356038,28,10,0
1593983466.6060123,29,10,0
1593987090.2750514,29,10,0
1593990684.6569643,29,10,0
1593995678.275611,29,10,0
1593997977.6664987,29,10,0
1594001603.042975,29,10,0
1594005105.6753707,29,10,0
1594008757.196867,28,10,1
1594012290.8984737,31,10,0
1594016011.2565532,37,11,0
1594019518.6801562,32,11,0
1594023208.0790865,32,10,0
1594026720.0821548,36,10,0
1594030318.8046925,37,10,0
1594033881.5264509,36,12,0
1594040449.6595452,29,17,1
1594041105.8732116,27,16,1
1594044745.1810157,28,15,1
1594048308.815813,30,15,1
1594051968.6877723,31,16,1
1594055486.5624948,33,16,0
1594059174.5018063,32,16,0
1594062656.1857054,30,17,0
1594066405.2182848,32,16,0
1594069894.1487093,28,18,0
1594073552.111032,27,17,0
1594077065.3091316,27,17,0
1594082032.1714883,27,17,0
1594084404.951268,27,17,0
1594087989.6484852,27,17,0
1594091498.06059,27,17,0
1594095158.4781814,27,17,0
1594098691.3014274,28,17,0
1594102388.7607553,28,19,1
1594105916.4603174,26,19,1
1594109583.754531,25,18,1
1594113110.532358,21,16,0
1594116718.4034843,24,17,0
1594120284.4653225,26,15,0
1594124127.0543852,31,16,0
1594127509.5634289,33,12,0
1594131157.4115849,28,15,0
1594134706.5141995,23,20,0
1594138333.5187151,27,21,0
1594141895.2280762,26,22,0
1594145559.6909323,25,21,0
1594149067.0612748,26,20,1
1594152804.4372103,25,23,1
1594156275.3818908,25,22,0
1594159840.9321246,22,22,0
1594163468.422412,22,22,0
1594168439.165489,22,22,0
1594170794.0246773,22,22,0
1594174390.7032995,22,22,0
1594177916.4651527,23,21,0
1594181558.1994169,25,21,0
1594185094.4277332,26,20,0
1594188803.4695134,29,22,0
1594192317.5277302,34,17,1
1594195998.4148276,34,17,1
1594199517.7359948,30,19,0
1594203116.374832,30,19,0
1594206678.7975628,31,16,0
1594210517.4726856,27,19,0
1594213907.160747,26,20,0
1594217549.2908015,26,21,1
1594221108.4523246,29,21,1
1594224750.3228316,30,19,1
1594228311.9815161,31,18,0
1594231977.0152686,32,19,0
1594235463.360253,33,19,0
1594239242.0446868,33,18,0
1594242691.7180023,33,19,0
1594246292.690547,33,19,0
1594249889.7089276,33,19,0
1594254850.9033031,33,19,0
1594257182.2632043,33,19,0
1594260816.20308,33,19,0
1594264319.427201,33,19,0
1594267979.267789,35,16,1
1594271488.75984,34,16,1
1594275196.2824004,31,16,0
1594278707.881092,32,17,0
1594282394.5536377,32,17,0
1594285913.824715,32,20,1
1594289519.6708667,32,18,1
1594293085.5777009,32,21,1
1594296928.7064757,33,19,1
1594300318.155093,33,17,1
1594303976.1001668,35,18,0
1594307518.7651067,34,22,0
1594311165.9771328,32,22,0
1594314726.8040993,32,18,0
1594318386.0765517,30,18,0
1594321856.4505475,29,19,0
1594325624.2054622,29,19,0
1594329087.3622837,30,18,0
1594332690.0352557,30,18,0
1594336271.520367,29,17,0
1594341292.1288834,29,17,0
1594343588.912918,29,17,0
1594347215.1512785,29,17,0
1594350735.3164797,29,17,0
1594354379.557806,29,17,0
1594357888.2298195,33,17,0
1594361601.877655,35,13,0
1594365117.1403553,38,11,1
1594368809.0500264,34,9,1
1594372338.6650033,37,7,1
1594375914.216091,36,7,1
1594379509.3955271,35,10,1
1594383462.184919,33,10,1
1594386701.6606083,31,11,0
1594390374.568134,33,11,0
1594393920.4036157,33,12,0
1594397561.1406279,33,11,1
1594401093.7483048,35,11,0
1594404780.6331587,35,11,0
1594408292.587847,34,10,0
1594412040.7482243,39,11,0
1594415560.1099832,42,11,0
1594419051.2007017,40,11,1
1594422687.9323196,40,11,1
1594427683.6629658,40,11,1
1594429980.947999,40,11,1
1594433580.793753,40,11,1
1594437114.9537902,40,11,1
1594440739.6473937,40,11,1
1594444273.1447237,38,14,1
1594447989.763116,37,15,0
1594451526.1540864,36,13,0
1594455180.3232896,32,12,0
1594458688.2614155,30,13,0
1594462311.9965124,31,20,0
1594465875.0324898,28,20,0
1594469712.3838506,32,20,0
1594473097.2307017,26,19,0
1594476753.2039318,30,16,0
1594480289.3540757,31,16,0
1594483972.1661944,34,11,0
1594487477.6975117,36,10,0
1594491161.6705315,34,10,0
1594494671.4570484,35,12,0
1594498423.4303732,39,11,0
1594501893.826431,39,10,0
1594505484.8035483,39,10,0
1594509089.224202,39,10,0
1594514161.2537339,39,10,0
1594516373.8566735,39,10,0
1594520005.066148,39,10,0
1594523535.5178432,39,10,0
1594527162.5213842,39,10,0
1594530700.2803316,39,11,0
1594534411.169172,39,14,0
1594537925.2135918,37,16,0
1594541568.415827,32,15,0
1594545099.9100745,28,14,0
1594548726.3883195,28,13,0
1594552287.873636,28,13,0
1594556124.4381576,25,13,0
1594559509.2774322,27,11,0
1594563164.1018915,26,15,0
1594566701.4684076,25,15,1
1594570356.8784804,21,15,1
1594573890.2485266,22,16,0
1594577576.4432344,23,19,0
1594581078.550244,22,22,0
1594584802.1279688,22,22,0
1594588299.16187,23,22,1
1594591902.9048126,23,22,1
1594595488.750034,23,20,1
1594600547.202265,23,20,1
1594602786.7683973,23,20,1
1594606414.270327,23,20,1
1594609946.948353,23,20,1
1594617482.6548662,26,20,0
1594620858.7429507,27,19,0
1594628071.7010512,27,18,0
1594631541.873393,26,17,0
1594635135.0882225,27,16,0
1594638698.697388,28,17,0
1594642544.8106472,26,17,0
1594645930.7751694,26,16,0
1594649589.4577737,27,17,0
1594653130.7614455,27,19,1
1594656764.1191835,25,18,1
1594660297.1788476,24,20,0
1594663989.2849,23,20,0
1594667492.340118,24,23,0
1594671241.4957626,26,25,1
1594674715.1055207,26,24,1
1594678309.2200465,26,23,1
1594681878.0143363,26,23,1
1594686899.994882,26,23,1
1594689203.0116305,26,23,1
1594692802.02844,26,23,1
1594696340.107079,27,24,1
1594699968.0456219,30,24,1
1594703504.5976977,30,23,1
1594707218.1446626,32,22,0
1594713461.8847044,32,20,0
1594714419.4458392,31,21,0
1594717953.429502,26,25,0
1594721540.3174534,28,22,0
1594725078.0377574,27,23,1
1594728950.572383,27,21,1
1594732334.680124,27,18,0
1594735996.0826025,30,19,0
1594739535.6869512,33,15,0
1594743167.2640882,36,16,0
1594746706.1968694,30,19,0
1594750403.6293724,29,22,0
1594753872.8655186,30,23,1
1594757627.9148006,30,24,1
1594761013.5007355,27,25,1
1594764698.0002222,25,24,0
1594768294.2041318,25,24,0
1594773322.8316276,25,24,0
1594775598.1703038,25,24,0
1594779226.827938,25,24,0
1594782737.0300694,25,24,0
1594786391.152192,25,24,0
1594789900.1472301,30,24,0
1594793614.6161726,33,23,1
1594797155.7930257,31,22,0
1594800810.5085104,36,20,0
1594804348.8174856,32,20,0
1594807947.2097979,30,18,0
1594811487.97999,31,18,0
1594815353.8852832,31,16,0
1594818736.360938,33,15,0
1594822413.8767807,30,16,0
1594825921.6989727,28,15,0
1594829560.1414251,29,13,0
1594833104.49079,26,16,0
1594836770.9687183,24,20,0
1594840241.6019542,22,22,0
1594843986.2520154,20,23,0
1594847512.7231588,24,22,1
1594851117.9582229,24,25,1
1594854670.7771697,24,25,1
1594859712.6508632,24,25,1
1594862010.9582326,24,25,1
1594865629.101103,24,25,1
1594869145.927388,24,25,1
1594872776.330464,28,24,1
1594876310.7114966,28,24,1
1594879997.7009885,26,23,1
1594883549.8384588,27,22,1
1594887194.723945,27,23,1
1594890750.5956624,27,18,0
1594894331.6426723,28,19,0
1594897894.922933,27,20,1
1594901765.5849054,24,15,1
1594905129.285649,25,16,0
1594908795.401492,24,17,0
1594912349.1755311,27,19,1
1594915986.976084,27,18,1
1594919551.9444916,29,18,1
1594923224.5515003,26,17,0
1594926700.7386382,27,17,0
1594930431.2971303,25,17,0
1594933927.850388,24,17,0
1594937512.4031165,23,16,0
1594941107.8151317,23,16,0
1594946142.0367103,23,16,0
1594948412.0057838,23,16,0
1594952034.6714633,23,16,0
1594955542.915272,23,16,0
1594959200.1652353,25,16,0
1594962707.9694314,24,16,1
1594966437.7795422,25,14,1
1594969950.8047936,24,13,1
1594973638.1208265,28,11,0
1594977133.391441,25,14,0
1594980757.4047508,25,10,0
1594984298.1454628,24,11,0
1594988321.156841,25,10,0
1594991524.0437143,23,12,0
1594995192.901008,22,13,0
1594998735.3315845,24,15,0
1595002380.9438462,22,14,0
1595005903.2491295,28,14,0
1595009567.6796222,29,13,0
1595013090.0230963,31,12,0
1595016878.8823266,31,12,0
1595020260.226896,31,13,0
1595023918.5411258,30,13,0
1595027512.3911266,30,13,0
1595032536.108214,30,13,0
1595034787.396345,30,13,0
1595038415.9911497,30,13,0
1595041944.5713165,30,13,0
1595045602.5024939,30,13,0
1595049111.0273476,30,13,0
1595052798.0857146,31,14,0
1595056362.5206938,28,12,0
1595063524.864932,22,16,1
1595067145.8620906,20,15,1
1595070687.5846174,17,18,1
1595074548.352714,18,20,1
1595077926.7342784,16,16,1
1595081590.8774745,17,16,0
1595085127.7681947,21,16,0
1595088758.9327383,17,19,1
1595092290.919186,17,19,1
1595095976.3924153,17,18,1
1595099483.4152915,16,20,0
1595103232.9163108,16,19,0
1595106703.4052858,17,19,0
1595110297.1212933,17,19,0
1595113899.2391384,17,19,0
1595119040.4346728,17,19,0
1595121219.2079532,17,19,0
1595124821.4514906,17,19,0
1595128325.9208837,17,19,0
1595131982.7305932,17,19,0
1595135517.3550625,17,20,1
1595139235.4183278,16,19,1
1595142772.350404,16,17,1
1595146399.784495,16,18,0
1595149931.5424364,16,18,0
1595153533.9325762,17,18,0
1595157092.0770087,20,16,0
1595160961.9766362,20,16,0
1595164345.2830207,20,16,0
1595168000.8019261,23,16,0
1595171530.6766052,26,17,0
1595175161.2608953,21,22,0
1595178703.438382,20,22,0
1595182384.7158656,20,20,0
1595185890.3734648,21,21,0
1595189645.0627868,22,20,0
1595193118.2286878,22,20,1
1595196714.7607944,22,20,1
1595200305.975257,22,20,1
1595205422.9033291,22,20,1
1595207634.7675185,22,20,1
1595211263.7953522,22,20,1
1595214764.4542289,22,20,1
1595218393.605553,23,21,0
1595221930.6690984,24,21,0
1595225642.8073447,23,21,0
1595229179.5021272,21,21,1
1595232842.39903,23,22,1
1595236379.219288,25,22,1
1595239996.8064966,27,22,0
1595243506.8351202,23,22,0
1595247349.372908,27,23,0
1595250750.4680486,28,22,0
1595254421.1563988,27,21,0
1595257916.6274548,25,24,0
1595261597.004735,23,26,0
1595265136.0848646,23,26,0
1595268797.0148437,23,26,0
1595272316.5139985,24,26,1
1595276060.8609369,25,25,1
1595279559.962195,27,23,0
1595283108.7290967,27,23,0
1595286710.174019,27,23,0
1595291792.797794,27,23,0
1595294057.790362,27,23,0
1595297663.9869075,27,23,0
1595301174.2636185,27,23,0
1595304803.7902756,28,24,0
1595308350.3615897,29,21,0
1595312030.9693823,30,18,0
1595315568.2190764,32,16,0
1595319237.8494668,31,17,0
1595322743.5322928,30,16,0
1595326375.166465,30,16,0
1595329925.8147788,33,14,0
1595333766.2793381,31,15,1
1595337131.4363906,30,16,1
1595340826.0439193,25,17,1
1595344342.396602,23,20,1
1595347993.0866063,30,22,1
1595351530.4005566,31,20,0
1595355145.3283277,34,20,0
1595358782.22814,37,17,0
1595362455.2005072,33,18,0
1595365926.2790291,33,17,1
1595369526.1258047,32,17,1
1595373102.9613519,32,17,1
1595378182.6033309,32,17,1
1595380429.9363282,32,17,1
1595384059.0502183,32,17,1
1595387563.8310554,32,17,1
1595391222.3046234,32,17,1
1595394732.7989328,32,17,1
1595398426.1690476,31,17,1
1595401962.3258123,31,17,1
1595405658.5089915,27,14,0
1595409164.3228228,25,16,0
1595412767.573069,24,16,0
1595416337.3374336,26,14,0
1595420175.1861,27,14,1
1595423541.9965818,30,14,1
1595427246.9753492,29,18,0
1595430756.5423455,25,19,1
1595434404.1991937,27,22,1
1595437957.1872635,26,27,1
1595441609.4800045,28,27,1
1595445117.1499465,29,27,1
1595448868.6055837,30,30,1
1595452345.7076623,32,30,0
1595455940.3600929,31,30,0
1595459514.7351499,31,30,0
1595464598.544437,31,30,0
1595466843.338299,31,30,0
1595470470.1678843,31,30,0
1595473980.0964887,31,30,0
1595477641.5144732,30,28,0
1595481145.6249168,30,25,0
1595484866.4139845,28,29,1
1595488372.2483456,27,30,1
1595492069.1216984,25,31,1
1595495578.7038226,26,29,1
1595499209.3393934,27,23,1
1595502745.6045852,28,21,1
1595506586.7590342,33,18,0
1595509945.9450667,35,18,0
1595513609.4081123,35,19,1
1595517155.5744674,35,17,1
1595520810.1550667,38,18,1
1595524375.2173986,37,19,0
1595528022.8678713,41,16,0
1595531533.413236,40,16,0
1595535301.961903,38,18,0
1595538752.6989121,37,18,0
1595542344.5283556,38,19,0
1595545917.3279057,38,19,0
1595551029.932697,38,19,0
1595553239.1773186,38,19,0
1595556876.8406131,38,19,0
1595560373.6544852,38,19,0
1595564029.4848638,37,19,0
1595567538.36254,35,18,0
1595571255.7030132,34,16,0
1595574763.7924383,31,16,1
1595578483.3836255,31,16,1
1595581963.1995301,29,16,0
1595585588.37663,29,17,0
1595589126.6505258,30,16,0
1595593118.0712035,35,13,0
1595596326.0109985,36,12,0
1595599995.5428834,34,15,0
1595603542.7031403,34,13,1
1595607214.2925253,33,17,1
1595610763.138186,35,13,0
1595614425.1599982,38,12,1
1595617932.1702752,39,12,0
1595621654.3105063,37,14,0
1595625126.4370842,36,14,0
1595628751.8996193,37,14,0
1595632321.3891156,37,14,0
1595637431.207135,37,14,0
1595639617.4230607,37,14,0
1595643245.0805757,37,14,0
1595646777.6808589,37,14,0
1595650435.8717768,37,14,0
1595653941.1940465,37,14,0
1595657626.4397073,35,14,1
1595661173.9049025,39,13,0
1595664827.985478,35,14,0
1595668359.7023938,35,14,1
1595671980.9143388,35,15,1
1595675514.9579005,35,15,1
1595679382.4591014,33,17,0
1595682738.0185971,34,17,0
1595686392.7787075,30,18,0
1595689933.023831,27,20,0
1595693586.44201,29,20,0
1595697123.6480253,30,19,0
1595700814.1793857,32,16,0
1595704339.9174669,30,17,0
1595708067.113264,30,16,0
1595711539.3537114,30,17,0
1595715133.4544404,30,17,0
1595718697.237761,30,17,0
1595723929.4073384,30,17,0
1595726025.3270066,30,17,0
1595729659.435416,30,17,0
1595733161.9189858,30,17,0
1595736817.5543077,30,17,0
1595740320.4752266,30,17,0
1595744053.974279,30,17,0
1595747606.217877,30,17,0
1595751259.1127472,30,17,0
1595754762.0718913,29,17,0
1595758386.3686926,27,17,0
1595761924.6421194,27,15,1
1595765791.6257608,28,18,1
1595769154.7147048,25,19,1
1595772807.0467181,25,18,1
1595776344.3396006,25,15,1
1595780001.4220414,26,16,0
1595783540.9084575,27,18,0
1595787195.1670332,27,18,0
1595790729.2669356,28,17,0
1595794452.37559,28,19,0
1595797955.7827437,25,22,0
1595801553.8293395,25,22,0
1595805119.7924519,25,22,0
1595810295.0435143,25,22,0
1595812421.3421366,25,22,0
1595816075.038594,25,22,0
1595819582.253809,25,22,0
1595823242.9964547,25,22,1
1595826752.5432603,24,24,1
1595830483.5209837,22,22,0
1595833977.3073752,23,20,0
1595837701.6247578,27,21,0
1595841213.4219708,28,21,0
1595844813.1858,30,21,0
1595848323.4371195,31,20,0
1595852224.741597,30,24,0
1595855558.5159845,28,25,0
1595859221.4213026,27,26,0
1595862765.4576015,26,29,0
1595866309.2208827,25,24,0
1595869828.723692,28,27,0
1595873507.77135,28,26,1
1595877010.1233885,26,27,1
1595880732.4276116,27,24,1
1595884264.1164143,27,22,1
1595887955.227278,26,22,0
1595891525.7533636,26,22,0
1595896644.2805767,26,22,0
1595898859.7037427,26,22,0
1595902487.2900033,26,22,0
1595905999.16689,26,22,0
1595909631.9952552,30,22,1
1595913160.7112901,30,22,1
1595916879.7373157,33,20,1
1595920391.2644863,32,21,1
1595924095.6599536,28,22,0
1595927602.7276866,28,22,0
1595931205.3125067,23,25,1
1595934742.3840492,17,26,1
1595938614.8812416,20,29,1
1595941973.1265328,22,27,1
1595945633.7733366,21,28,0
1595949207.7595046,25,26,0
1595952847.0553133,23,29,0
1595956359.3619115,25,31,0
1595960049.0760612,24,32,0
1595963466.0293152,21,33,0
1595967286.300217,21,32,0
1595970777.6079533,21,32,0
1595974390.7028155,20,31,0
1595977938.8011272,20,31,0
1595983012.5818827,20,31,0
1595985262.457332,20,31,0
1595988893.4668522,20,31,0
1595992399.3030763,20,31,0
1595996048.9381893,23,32,1
1595999562.9545398,23,31,1
1596003285.9692407,25,30,1
1596006796.42361,24,26,0
1596010486.3746955,23,26,1
1596014001.2147846,23,26,1
1596017601.0884929,19,28,0
1596021139.9530377,19,29,0
1596025033.7578595,18,29,0
1596028376.1433098,19,28,0
1596032042.6551795,22,22,1
1596035603.3071513,25,20,1
1596039245.2529922,29,21,0
1596042756.237393,29,21,0
1596046392.1783648,31,25,0
1596049948.2645154,30,25,0
1596053697.0554175,30,23,1
1596057179.5880735,30,21,1
1596060781.3446586,31,21,0
1596064345.8246782,31,21,0
1596069491.7597363,31,21,0
1596071648.7635725,31,21,0
1596075276.7465475,31,21,0
1596078793.4305696,31,21,0
1596082449.0902705,28,21,1
1596085955.6529527,29,20,1
1596089709.0360882,31,20,0
1596093192.3851037,28,21,0
1596096879.8777244,27,19,1
1596100392.2828443,29,19,1
1596104024.212215,26,20,1
1596107533.2184763,28,18,1
1596111439.9774241,29,18,1
1596114773.1834998,27,17,1
1596118436.0039444,32,17,1
1596122013.2014942,32,16,1
1596125677.1384332,30,18,0
1596129211.5789144,30,17,0
1596132876.6561153,29,18,1
1596136323.9940634,29,19,1
1596139991.3840058,28,19,1
1596143448.6352336,33,19,0
1596147054.827492,32,19,0
1596150764.5406857,32,19,0
1596155945.9575996,32,19,0
1596158070.7726696,32,19,0
1596161706.1529334,32,19,0
1596165183.435075,32,19,0
1596168844.8817887,33,18,0
1596172383.4072268,30,17,0
1596176109.0109663,32,15,0
1596179616.1866746,35,14,0
1596183312.8960533,31,17,0
1596186792.1920185,28,18,1
1596190398.6175737,26,18,1
1596193944.4157102,24,17,1
1596197997.9457936,24,21,1
1596201176.3484416,25,19,0
1596204866.564005,27,18,0
1596208410.0660594,34,16,0
1596212064.125875,34,17,0
1596215583.5382364,33,17,1
1596219265.4753902,32,19,1
1596222764.4738755,31,20,1
1596226518.1000624,29,19,1
1596229982.889631,27,20,1
1596233567.3271537,26,20,1
1596237165.8430579,26,20,1
1596242399.221314,26,20,1
1596244507.0994651,26,20,1
1596248097.6484122,26,20,1
1596251608.5046387,26,20,1
1596255266.6111662,26,20,1
1596258780.4378173,26,20,1
1596262526.8072648,26,21,0
1596266015.1335561,27,18,0
1596269693.9388113,29,19,1
1596273205.6445584,31,19,1
1596276830.8170226,31,19,1
1596280368.4734623,31,20,1
1596284241.9084854,30,20,1
1596287570.6080039,30,21,1
1596291233.9037795,32,21,1
1596294805.2257643,30,22,1
1596298463.9706004,31,23,1
1596301970.5802145,34,24,1
1596305669.788203,29,24,1
1596309168.0124009,30,22,1
1596312921.9649553,32,22,1
1596316372.3709235,31,22,1
1596320001.7288911,31,22,1
1596323539.4593701,30,22,0
1596328836.71312,30,22,0
1596330870.2032835,30,22,0
1596334508.3543317,30,22,0
1596338009.3399177,30,22,0
1596341655.4627411,30,22,0
1596345177.7275653,30,22,0
1596348933.9117386,32,20,0
1596352439.9869976,32,20,0
1596356068.2141106,31,21,0
1596359608.043951,31,21,1
1596363206.7169464,30,21,1
1596366775.6391706,28,18,1
1596370647.6424623,24,17,0
1596373977.335763,24,18,0
1596377644.5642838,26,17,0
1596381206.7991617,29,14,0
1596384867.3752356,28,15,1
1596388376.4863017,27,16,1
1596392063.5798025,31,18,0
1596395574.315251,29,18,0
1596399327.4293835,30,18,0
1596402775.5114937,30,14,0
1596406404.8696918,31,14,0
1596409971.586332,32,14,0
1596415215.4905074,32,14,0
1596417277.615425,32,14,0
1596420915.6319048,32,14,0
1596424389.885646,32,14,0
1596428083.2621763,34,16,0
1596431595.755178,35,16,0
1596435321.352869,33,15,0
1596438830.989702,30,14,0
1596442521.5221953,33,12,0
1596446036.3222847,32,11,0
1596449646.914343,31,10,0
1596453155.4935477,32,12,0
1596457082.049063,33,11,1
1596460385.5624197,32,12,0
1596464083.3484092,30,15,0
1596467638.330258,27,18,0
1596471265.285432,27,18,0
1596474807.3315082,28,19,0
1596478488.2888656,27,16,0
1596481971.8363059,27,16,0
1596485726.349408,30,16,1
1596489220.5031745,28,19,1
1596492798.1529076,27,20,1
1596496371.456107,27,20,1
1596501586.5057251,27,20,1
1596503684.7318373,27,20,1
1596507326.9825068,27,20,1
1596510820.9262648,27,20,1
1596514482.848752,27,18,1
1596517994.3464887,31,17,1
1596521727.0588045,26,21,0
1596525235.875269,26,19,0
1596528939.9913397,26,21,0
1596532420.1720908,22,22,0
1596536024.782196,24,21,0
1596539561.6180158,28,20,0
1596543471.2716439,28,16,1
1596546742.0086408,31,14,1
1596550483.0535636,33,14,1
1596554033.5743473,34,13,1
1596557678.0841641,33,17,0
1596561194.1608596,35,22,1
1596564892.7922122,34,24,1
1596568379.157628,33,24,1
1596572190.707437,35,24,1
1596575606.217694,35,25,1
1596579204.7636144,33,23,1
1596582662.8084123,33,23,1
1596587996.0574105,33,23,1
1596590107.0178397,33,23,1
1596593742.976867,33,23,1
1596597223.8699293,33,23,1
1596600888.7551367,33,23,1
1596604428.432644,35,24,1
1596608130.9694827,30,25,1
1596611641.713693,30,20,1
1596615329.893087,29,18,1
1596618848.6049562,29,20,1
1596622425.8368428,27,19,1
1596625982.7719762,30,18,1
1596629888.8604317,31,17,1
1596633205.6041074,29,20,1
1596636907.2314737,30,20,1
1596640446.7151566,31,23,1
1596644070.6635125,29,26,1
1596647606.922257,31,24,0
1596651304.5338736,30,26,0
1596654797.3639653,30,26,1
1596658557.1049302,31,26,0
1596662016.7181878,30,25,0
1596665598.6512914,27,25,1
1596669190.5928476,27,25,1
1596674407.217271,27,25,1
1596676528.5370278,27,25,1
1596680136.0558162,27,25,1
1596683617.3556626,27,25,1
1596687282.2730799,29,25,0
1596690823.9217656,27,26,0
1596694548.4119098,25,27,1
1596698062.418548,28,25,1
1596701734.3154147,25,25,0
1596705216.5365171,24,23,0
1596708854.371732,25,24,0
1596712397.644651,22,23,0
1596716305.372867,24,21,0
1596719609.4586618,26,21,0
1596723307.455224,30,17,0
1596726841.7251422,29,19,1
1596730476.013485,30,19,1
1596734042.7554843,29,17,1
1596737702.128616,31,18,0
1596741189.2219725,32,20,0
1596744948.1998136,30,20,0
1596748427.9916766,30,19,0
1596752008.4644735,29,19,1
1596755603.5083034,29,19,1
1596760876.737103,29,19,1
1596762945.729609,29,19,1
1596766552.611253,29,19,1
1596770063.3624363,29,19,1
1596773707.9148018,31,15,0
1596777239.6051288,32,18,0
1596780937.762164,31,21,0
1596784450.071776,29,22,0
1596788173.3939478,31,21,0
1596791657.119406,33,19,0
1596795266.725072,33,21,0
1596798819.6263492,33,20,1
1596802843.338838,33,19,1
1596806026.1112585,32,22,1
1596809723.9701858,31,23,0
1596813249.3857825,29,25,0
1596816885.3927774,30,23,0
1596820429.0865505,33,21,0
1596824110.7400284,31,23,0
1596827608.1569664,31,22,0
1596831364.3924606,30,24,1
1596834816.031381,31,25,1
1596838418.2324219,29,25,1
1596841992.496802,29,25,1
1596847236.9233527,29,25,1
1596849328.4564455,29,25,1
1596852934.8215058,29,25,1
1596856423.278177,29,25,1
1596860112.807555,29,25,1
1596863621.8436823,30,26,0
1596867340.82913,28,26,0
1596870850.1002867,25,24,0
1596874518.2431061,27,19,1
1596878028.787978,29,16,1
1596881637.7875028,28,16,1
1596885204.1565998,28,17,1
1596889103.04439,31,18,1
1596892411.9165702,28,17,1
1596896099.700422,28,18,1
1596899638.2584035,24,17,0
1596903271.9515898,24,17,0
1596906817.8068042,25,16,1
1596910505.7344809,27,16,1
1596914052.2124112,27,16,1
1596917745.8270824,27,16,1
1596921222.9727864,24,15,1
1596924793.4998558,24,15,1
1596928396.224961,24,15,1
1596933764.9766366,24,15,1
1596935734.6413631,24,15,1
1596939352.1029916,24,15,1
1596942846.4742324,24,15,1
1596946510.958993,24,15,1
1596950023.6409948,24,15,1
1596953744.4496992,23,15,0
1596957256.0471408,20,15,0
1596960921.7620995,22,16,1
1596964440.1859,23,17,0
1596968034.275372,24,15,0
1596971606.034316,28,13,0
1596975513.3903153,27,12,0
1596978816.2041943,29,12,0
1596982505.0710077,29,18,0
1596986018.0031583,25,19,0
1596989679.631651,24,18,1
1596993222.8608012,22,19,1
1596996915.1077642,24,19,1
1597000426.3528068,23,19,0
1597004153.9530926,23,19,0
1597007631.4266748,23,19,0
1597011233.1089444,23,19,0
1597014836.39461,23,19,0
1597020139.532568,23,19,0
1597022174.5286763,23,19,0
1597025778.1133175,23,19,0
1597029259.8115687,23,19,0
1597032923.8989325,24,21,1
1597036464.3371372,20,23,1
1597040185.689924,17,24,1
1597043679.0776756,17,22,1
1597047343.5376985,21,21,1
1597050859.6309779,27,19,0
1597054478.51273,22,20,0
1597058032.167055,21,20,1
1597061939.8733401,22,20,1
1597065249.409636,24,22,0
1597068946.4833343,24,22,0
1597072472.5366368,27,23,0
1597076108.545385,30,20,1
1597079657.7509747,28,20,1
1597083335.7914786,28,20,0
1597086847.8786976,29,22,0
1597090552.4272406,28,23,0
1597094056.4702277,28,22,0
1597097617.730225,27,22,0
1597101224.0265877,27,22,0
1597106475.9542897,27,22,0
1597108567.2923613,27,22,0
1597112192.0273511,27,22,0
1597115649.9929981,27,22,0
1597119316.0334964,27,19,0
1597122855.4800076,27,18,0
1597126573.5626192,27,20,0
1597130082.968766,24,20,0
1597133795.316231,23,20,0
1597137256.64861,20,21,0
1597140881.5321605,20,23,0
1597144420.746053,25,18,0
1597148337.692287,28,20,0
1597151650.0362628,32,20,0
1597155345.0960176,33,18,0
1597158873.6278982,34,18,0
1597162515.9814577,29,20,0
1597166056.697273,31,20,0
1597169729.7925663,29,20,0
1597173239.250537,28,21,1
1597176972.3960176,28,22,1
1597180435.2332819,26,22,1
1597184061.9907727,25,21,1
1597187622.6934705,24,21,1
1597192875.1480143,24,21,1
1597194960.2996488,24,21,1
1597198568.154969,24,21,1
1597202077.973449,24,21,1
1597205717.1940768,25,24,1
1597209261.5475898,25,25,1
1597212983.3902912,26,24,1
1597216501.5386693,29,21,0
1597220150.6315284,27,20,0
1597223663.1688468,27,20,0
1597227297.652098,30,19,0
1597230843.3423014,30,21,0
1597234725.3798554,33,19,0
1597238056.0237563,29,21,1
1597241761.1907625,30,21,1
1597245278.7353745,28,25,1
1597248919.7826862,31,24,1
1597252465.325164,31,24,1
1597256150.8488085,31,25,0
1597259638.1904945,29,25,0
1597263380.1656039,29,24,1
1597266853.2535348,28,26,1
1597270463.2544756,27,26,1
1597274048.5839546,27,26,1
1597279298.2390146,27,26,1
1597281362.9442098,27,26,1
1597285000.2591605,27,26,1
1597288486.1819599,32,27,1
1597292149.0982776,32,27,0
1597295664.0883267,33,27,0
1597299393.4059863,33,24,1
1597302876.9387643,34,19,1
1597306576.7754803,31,22,1
1597310064.7130194,31,21,1
1597313705.7669358,30,22,1
1597317221.0628166,29,23,1
1597321163.8845968,29,23,0
1597324472.3181257,34,21,0
1597328148.6694746,32,22,1
1597331698.3143816,30,23,1
1597335329.8334417,27,25,0
1597338892.2318132,27,24,0
1597342537.915404,27,23,0
1597346017.8069525,25,25,1
1597349784.0777905,24,24,1
1597353262.894587,26,24,0
1597356869.0409656,25,25,0
1597360443.309294,25,25,0
1597365722.9390223,25,25,0
1597367615.0746875,25,25,0
1597371386.781969,25,25,0
1597374891.6756744,25,25,0
1597378557.9197161,23,25,0
1597382069.8112442,23,20,0
1597385769.071907,23,20,0
1597389300.5046787,27,20,0
1597393018.4804537,24,25,0
1597396481.5846362,25,24,0
1597400083.8166523,25,24,1
1597403630.0422513,28,22,1
1597407694.1224658,28,21,1
1597410866.4390085,27,22,1
1597414544.6833344,26,22,0
1597418055.9833567,28,19,0
1597421723.9313967,32,17,0
1597425272.262239,33,14,0
1597428959.4317274,33,15,0
1597432447.2829623,34,14,0
1597436210.0103033,35,14,0
1597439666.503192,31,15,0
1597443267.7572896,32,15,0
1597446841.5028737,30,15,0
1597452117.1319852,30,15,0
1597454181.177755,30,15,0
1597457791.9423015,30,15,0
1597461300.8419006,30,15,0
1597464945.1310885,30,15,0
1597468424.8363783,30,15,0
1597472178.7140007,32,15,0
1597475689.1508808,31,12,1
1597479354.5552735,35,10,1
1597482863.6729155,34,12,0
1597486499.4246483,37,10,0
1597490042.3418598,38,11,0
1597493918.6288335,38,11,0
1597497246.8972702,38,10,0
1597500940.8386552,36,15,0
1597504456.5534656,34,16,0
1597508121.456579,33,19,1
1597511662.1981792,34,21,1
1597515354.1637223,33,22,0
1597518835.7878172,34,21,0
1597522595.01697,34,18,0
1597526039.4830074,31,20,0
1597529646.097613,31,20,0
1597533249.7371857,31,20,0
1597538647.1053722,31,20,0
